,campeon,portada,fondo,pasiva,Q,W,E,R
0,Aatrox,https://cdn.mobalytics.gg/assets/lol/images/dd/champions/icons/aatrox.png,https://ddragon.leagueoflegends.com/cdn/img/champion/splash/Aatrox_0.jpg,https://ddragon.leagueoflegends.com/cdn/12.11.1/img/passive/Aatrox_Passive.png,https://ddragon.leagueoflegends.com/cdn/12.11.1/img/spell/AatroxQ.png,https://ddragon.leagueoflegends.com/cdn/12.11.1/img/spell/AatroxW.png,https://ddragon.leagueoflegends.com/cdn/12.11.1/img/spell/AatroxE.png,https://ddragon.leagueoflegends.com/cdn/12.11.1/img/spell/AatroxR.png
1,Ahri,https://cdn.mobalytics.gg/assets/lol/images/dd/champions/icons/ahri.png,https://ddragon.leagueoflegends.com/cdn/img/champion/splash/Ahri_0.jpg,https://ddragon.leagueoflegends.com/cdn/12.11.1/img/passive/Ahri_SoulEater2.png,https://ddragon.leagueoflegends.com/cdn/12.11.1/img/spell/AhriOrbofDeception.png,https://ddragon.leagueoflegends.com/cdn/12.11.1/img/spell/AhriFoxFire.png,https://ddragon.leagueoflegends.com/cdn/12.11.1/img/spell/AhriSeduce.png,https://ddragon.leagueoflegends.com/cdn/12.11.1/img/spell/AhriTumble.png
2,Akali,https://cdn.mobalytics.gg/assets/lol/images/dd/champions/icons/akali.png,https://ddragon.leagueoflegends.com/cdn/img/champion/splash/Akali_0.jpg,https://ddragon.leagueoflegends.com/cdn/12.11.1/img/passive/Akali_P.png,https://ddragon.leagueoflegends.com/cdn/12.11.1/img/spell/AkaliQ.png,https://ddragon.leagueoflegends.com/cdn/12.11.1/img/spell/AkaliW.png,https://ddragon.leagueoflegends.com/cdn/12.11.1/img/spell/AkaliE.png,https://ddragon.leagueoflegends.com/cdn/12.11.1/img/spell/AkaliR.png
3,Alistar,https://cdn.mobalytics.gg/assets/lol/images/dd/champions/icons/alistar.png,https://ddragon.leagueoflegends.com/cdn/img/champion/splash/Alistar_0.jpg,https://ddragon.leagueoflegends.com/cdn/12.11.1/img/passive/Alistar_E.png,https://ddragon.leagueoflegends.com/cdn/12.11.1/img/spell/Pulverize.png,https://ddragon.leagueoflegends.com/cdn/12.11.1/img/spell/Headbutt.png,https://ddragon.leagueoflegends.com/cdn/12.11.1/img/spell/AlistarE.png,https://ddragon.leagueoflegends.com/cdn/12.11.1/img/spell/FerociousHowl.png
4,Amumu,https://cdn.mobalytics.gg/assets/lol/images/dd/champions/icons/amumu.png,https://ddragon.leagueoflegends.com/cdn/img/champion/splash/Amumu_0.jpg,https://ddragon.leagueoflegends.com/cdn/12.11.1/img/passive/Amumu_Passive.png,https://ddragon.leagueoflegends.com/cdn/12.11.1/img/spell/BandageToss.png,https://ddragon.leagueoflegends.com/cdn/12.11.1/img/spell/AuraofDespair.png,https://ddragon.leagueoflegends.com/cdn/12.11.1/img/spell/Tantrum.png,https://ddragon.leagueoflegends.com/cdn/12.11.1/img/spell/CurseoftheSadMummy.png
5,Anivia,https://cdn.mobalytics.gg/assets/lol/images/dd/champions/icons/anivia.png,https://ddragon.leagueoflegends.com/cdn/img/champion/splash/Anivia_0.jpg,https://ddragon.leagueoflegends.com/cdn/12.11.1/img/passive/Anivia_P.png,https://ddragon.leagueoflegends.com/cdn/12.11.1/img/spell/FlashFrost.png,https://ddragon.leagueoflegends.com/cdn/12.11.1/img/spell/Crystallize.png,https://ddragon.leagueoflegends.com/cdn/12.11.1/img/spell/Frostbite.png,https://ddragon.leagueoflegends.com/cdn/12.11.1/img/spell/GlacialStorm.png
6,Annie,https://cdn.mobalytics.gg/assets/lol/images/dd/champions/icons/annie.png,https://ddragon.leagueoflegends.com/cdn/img/champion/splash/Annie_0.jpg,https://ddragon.leagueoflegends.com/cdn/12.11.1/img/passive/Annie_Passive.png,https://ddragon.leagueoflegends.com/cdn/12.11.1/img/spell/AnnieQ.png,https://ddragon.leagueoflegends.com/cdn/12.11.1/img/spell/AnnieW.png,https://ddragon.leagueoflegends.com/cdn/12.11.1/img/spell/AnnieE.png,https://ddragon.leagueoflegends.com/cdn/12.11.1/img/spell/AnnieR.png
7,Ashe,https://cdn.mobalytics.gg/assets/lol/images/dd/champions/icons/ashe.png,https://ddragon.leagueoflegends.com/cdn/img/champion/splash/Ashe_0.jpg,https://ddragon.leagueoflegends.com/cdn/12.11.1/img/passive/Ashe_P.png,https://ddragon.leagueoflegends.com/cdn/12.11.1/img/spell/AsheQ.png,https://ddragon.leagueoflegends.com/cdn/12.11.1/img/spell/Volley.png,https://ddragon.leagueoflegends.com/cdn/12.11.1/img/spell/AsheSpiritOfTheHawk.png,https://ddragon.leagueoflegends.com/cdn/12.11.1/img/spell/EnchantedCrystalArrow.png
8,Aurelion Sol,https://cdn.mobalytics.gg/assets/lol/images/dd/champions/icons/aurelionsol.png,https://ddragon.leagueoflegends.com/cdn/img/champion/splash/AurelionSol_0.jpg,https://ddragon.leagueoflegends.com/cdn/12.11.1/img/passive/AurelionSol_Passive.png,https://ddragon.leagueoflegends.com/cdn/12.11.1/img/spell/AurelionSolQ.png,https://ddragon.leagueoflegends.com/cdn/12.11.1/img/spell/AurelionSolW.png,https://ddragon.leagueoflegends.com/cdn/12.11.1/img/spell/AurelionSolE.png,https://ddragon.leagueoflegends.com/cdn/12.11.1/img/spell/AurelionSolR.png
9,Azir,https://cdn.mobalytics.gg/assets/lol/images/dd/champions/icons/azir.png,https://ddragon.leagueoflegends.com/cdn/img/champion/splash/Azir_0.jpg,https://ddragon.leagueoflegends.com/cdn/12.11.1/img/passive/Azir_Passive.png,https://ddragon.leagueoflegends.com/cdn/12.11.1/img/spell/AzirQWrapper.png,https://ddragon.leagueoflegends.com/cdn/12.11.1/img/spell/AzirW.png,https://ddragon.leagueoflegends.com/cdn/12.11.1/img/spell/AzirEWrapper.png,https://ddragon.leagueoflegends.com/cdn/12.11.1/img/spell/AzirR.png
10,Bard,https://cdn.mobalytics.gg/assets/lol/images/dd/champions/icons/bard.png,https://ddragon.leagueoflegends.com/cdn/img/champion/splash/Bard_0.jpg,https://ddragon.leagueoflegends.com/cdn/12.11.1/img/passive/Bard_Passive.png,https://ddragon.leagueoflegends.com/cdn/12.11.1/img/spell/BardQ.png,https://ddragon.leagueoflegends.com/cdn/12.11.1/img/spell/BardW.png,https://ddragon.leagueoflegends.com/cdn/12.11.1/img/spell/BardE.png,https://ddragon.leagueoflegends.com/cdn/12.11.1/img/spell/BardR.png
11,Blitzcrank,https://cdn.mobalytics.gg/assets/lol/images/dd/champions/icons/blitzcrank.png,https://ddragon.leagueoflegends.com/cdn/img/champion/splash/Blitzcrank_0.jpg,https://ddragon.leagueoflegends.com/cdn/12.11.1/img/passive/Blitzcrank_ManaBarrier.png,https://ddragon.leagueoflegends.com/cdn/12.11.1/img/spell/RocketGrab.png,https://ddragon.leagueoflegends.com/cdn/12.11.1/img/spell/Overdrive.png,https://ddragon.leagueoflegends.com/cdn/12.11.1/img/spell/PowerFist.png,https://ddragon.leagueoflegends.com/cdn/12.11.1/img/spell/StaticField.png
12,Brand,https://cdn.mobalytics.gg/assets/lol/images/dd/champions/icons/brand.png,https://ddragon.leagueoflegends.com/cdn/img/champion/splash/Brand_0.jpg,https://ddragon.leagueoflegends.com/cdn/12.11.1/img/passive/BrandP.png,https://ddragon.leagueoflegends.com/cdn/12.11.1/img/spell/BrandQ.png,https://ddragon.leagueoflegends.com/cdn/12.11.1/img/spell/BrandW.png,https://ddragon.leagueoflegends.com/cdn/12.11.1/img/spell/BrandE.png,https://ddragon.leagueoflegends.com/cdn/12.11.1/img/spell/BrandR.png
13,Braum,https://cdn.mobalytics.gg/assets/lol/images/dd/champions/icons/braum.png,https://ddragon.leagueoflegends.com/cdn/img/champion/splash/Braum_0.jpg,https://ddragon.leagueoflegends.com/cdn/12.11.1/img/passive/Braum_Passive.png,https://ddragon.leagueoflegends.com/cdn/12.11.1/img/spell/BraumQ.png,https://ddragon.leagueoflegends.com/cdn/12.11.1/img/spell/BraumW.png,https://ddragon.leagueoflegends.com/cdn/12.11.1/img/spell/BraumE.png,https://ddragon.leagueoflegends.com/cdn/12.11.1/img/spell/BraumRWrapper.png
14,Caitlyn,https://cdn.mobalytics.gg/assets/lol/images/dd/champions/icons/caitlyn.png,https://ddragon.leagueoflegends.com/cdn/img/champion/splash/Caitlyn_0.jpg,https://ddragon.leagueoflegends.com/cdn/12.11.1/img/passive/Caitlyn_Headshot.png,https://ddragon.leagueoflegends.com/cdn/12.11.1/img/spell/CaitlynQ.png,https://ddragon.leagueoflegends.com/cdn/12.11.1/img/spell/CaitlynW.png,https://ddragon.leagueoflegends.com/cdn/12.11.1/img/spell/CaitlynE.png,https://ddragon.leagueoflegends.com/cdn/12.11.1/img/spell/CaitlynR.png
15,Camille,https://cdn.mobalytics.gg/assets/lol/images/dd/champions/icons/camille.png,https://ddragon.leagueoflegends.com/cdn/img/champion/splash/Camille_0.jpg,https://ddragon.leagueoflegends.com/cdn/12.11.1/img/passive/Camille_Passive.png,https://ddragon.leagueoflegends.com/cdn/12.11.1/img/spell/CamilleQ.png,https://ddragon.leagueoflegends.com/cdn/12.11.1/img/spell/CamilleW.png,https://ddragon.leagueoflegends.com/cdn/12.11.1/img/spell/CamilleE.png,https://ddragon.leagueoflegends.com/cdn/12.11.1/img/spell/CamilleR.png
16,Cassiopeia,https://cdn.mobalytics.gg/assets/lol/images/dd/champions/icons/cassiopeia.png,https://ddragon.leagueoflegends.com/cdn/img/champion/splash/Cassiopeia_0.jpg,https://ddragon.leagueoflegends.com/cdn/12.11.1/img/passive/Cassiopeia_Passive.png,https://ddragon.leagueoflegends.com/cdn/12.11.1/img/spell/CassiopeiaQ.png,https://ddragon.leagueoflegends.com/cdn/12.11.1/img/spell/CassiopeiaW.png,https://ddragon.leagueoflegends.com/cdn/12.11.1/img/spell/CassiopeiaE.png,https://ddragon.leagueoflegends.com/cdn/12.11.1/img/spell/CassiopeiaR.png
17,Cho'Gath,https://cdn.mobalytics.gg/assets/lol/images/dd/champions/icons/chogath.png,https://ddragon.leagueoflegends.com/cdn/img/champion/splash/Chogath_0.jpg,https://ddragon.leagueoflegends.com/cdn/12.11.1/img/passive/GreenTerror_TailSpike.png,https://ddragon.leagueoflegends.com/cdn/12.11.1/img/spell/Rupture.png,https://ddragon.leagueoflegends.com/cdn/12.11.1/img/spell/FeralScream.png,https://ddragon.leagueoflegends.com/cdn/12.11.1/img/spell/VorpalSpikes.png,https://ddragon.leagueoflegends.com/cdn/12.11.1/img/spell/Feast.png
18,Corki,https://cdn.mobalytics.gg/assets/lol/images/dd/champions/icons/corki.png,https://ddragon.leagueoflegends.com/cdn/img/champion/splash/Corki_0.jpg,https://ddragon.leagueoflegends.com/cdn/12.11.1/img/passive/Corki_RapidReload.png,https://ddragon.leagueoflegends.com/cdn/12.11.1/img/spell/PhosphorusBomb.png,https://ddragon.leagueoflegends.com/cdn/12.11.1/img/spell/CarpetBomb.png,https://ddragon.leagueoflegends.com/cdn/12.11.1/img/spell/GGun.png,https://ddragon.leagueoflegends.com/cdn/12.11.1/img/spell/MissileBarrage.png
19,Darius,https://cdn.mobalytics.gg/assets/lol/images/dd/champions/icons/darius.png,https://ddragon.leagueoflegends.com/cdn/img/champion/splash/Darius_0.jpg,https://ddragon.leagueoflegends.com/cdn/12.11.1/img/passive/Darius_Icon_Hemorrhage.png,https://ddragon.leagueoflegends.com/cdn/12.11.1/img/spell/DariusCleave.png,https://ddragon.leagueoflegends.com/cdn/12.11.1/img/spell/DariusNoxianTacticsONH.png,https://ddragon.leagueoflegends.com/cdn/12.11.1/img/spell/DariusAxeGrabCone.png,https://ddragon.leagueoflegends.com/cdn/12.11.1/img/spell/DariusExecute.png
20,Diana,https://cdn.mobalytics.gg/assets/lol/images/dd/champions/icons/diana.png,https://ddragon.leagueoflegends.com/cdn/img/champion/splash/Diana_0.jpg,https://ddragon.leagueoflegends.com/cdn/12.11.1/img/passive/Diana_Passive_LunarBlade.png,https://ddragon.leagueoflegends.com/cdn/12.11.1/img/spell/DianaQ.png,https://ddragon.leagueoflegends.com/cdn/12.11.1/img/spell/DianaOrbs.png,https://ddragon.leagueoflegends.com/cdn/12.11.1/img/spell/DianaTeleport.png,https://ddragon.leagueoflegends.com/cdn/12.11.1/img/spell/DianaR.png
21,Dr. Mundo,https://cdn.mobalytics.gg/assets/lol/images/dd/champions/icons/draven.png,https://ddragon.leagueoflegends.com/cdn/img/champion/splash/DrMundo_0.jpg,https://ddragon.leagueoflegends.com/cdn/12.11.1/img/passive/DrMundo_P.Dr_Mundo_VGU.png,https://ddragon.leagueoflegends.com/cdn/12.11.1/img/spell/DrMundoQ.png,https://ddragon.leagueoflegends.com/cdn/12.11.1/img/spell/DrMundoW.png,https://ddragon.leagueoflegends.com/cdn/12.11.1/img/spell/DrMundoE.png,https://ddragon.leagueoflegends.com/cdn/12.11.1/img/spell/DrMundoR.png
22,Draven,https://cdn.mobalytics.gg/assets/lol/images/dd/champions/icons/drmundo.png,https://ddragon.leagueoflegends.com/cdn/img/champion/splash/Draven_0.jpg,https://ddragon.leagueoflegends.com/cdn/12.11.1/img/passive/Draven_passive.png,https://ddragon.leagueoflegends.com/cdn/12.11.1/img/spell/DravenSpinning.png,https://ddragon.leagueoflegends.com/cdn/12.11.1/img/spell/DravenFury.png,https://ddragon.leagueoflegends.com/cdn/12.11.1/img/spell/DravenDoubleShot.png,https://ddragon.leagueoflegends.com/cdn/12.11.1/img/spell/DravenRCast.png
23,Ekko,https://cdn.mobalytics.gg/assets/lol/images/dd/champions/icons/ekko.png,https://ddragon.leagueoflegends.com/cdn/img/champion/splash/Ekko_0.jpg,https://ddragon.leagueoflegends.com/cdn/12.11.1/img/passive/Ekko_P.png,https://ddragon.leagueoflegends.com/cdn/12.11.1/img/spell/EkkoQ.png,https://ddragon.leagueoflegends.com/cdn/12.11.1/img/spell/EkkoW.png,https://ddragon.leagueoflegends.com/cdn/12.11.1/img/spell/EkkoE.png,https://ddragon.leagueoflegends.com/cdn/12.11.1/img/spell/EkkoR.png
24,Elise,https://cdn.mobalytics.gg/assets/lol/images/dd/champions/icons/elise.png,https://ddragon.leagueoflegends.com/cdn/img/champion/splash/Elise_0.jpg,https://ddragon.leagueoflegends.com/cdn/12.11.1/img/passive/ElisePassive.png,https://ddragon.leagueoflegends.com/cdn/12.11.1/img/spell/EliseHumanQ.png,https://ddragon.leagueoflegends.com/cdn/12.11.1/img/spell/EliseHumanW.png,https://ddragon.leagueoflegends.com/cdn/12.11.1/img/spell/EliseHumanE.png,https://ddragon.leagueoflegends.com/cdn/12.11.1/img/spell/EliseR.png
25,Evelynn,https://cdn.mobalytics.gg/assets/lol/images/dd/champions/icons/evelynn.png,https://ddragon.leagueoflegends.com/cdn/img/champion/splash/Evelynn_0.jpg,https://ddragon.leagueoflegends.com/cdn/12.11.1/img/passive/Evelynn_Passive.png,https://ddragon.leagueoflegends.com/cdn/12.11.1/img/spell/EvelynnQ.png,https://ddragon.leagueoflegends.com/cdn/12.11.1/img/spell/EvelynnW.png,https://ddragon.leagueoflegends.com/cdn/12.11.1/img/spell/EvelynnE.png,https://ddragon.leagueoflegends.com/cdn/12.11.1/img/spell/EvelynnR.png
26,Ezreal,https://cdn.mobalytics.gg/assets/lol/images/dd/champions/icons/ezreal.png,https://ddragon.leagueoflegends.com/cdn/img/champion/splash/Ezreal_0.jpg,https://ddragon.leagueoflegends.com/cdn/12.11.1/img/passive/Ezreal_RisingSpellForce.png,https://ddragon.leagueoflegends.com/cdn/12.11.1/img/spell/EzrealQ.png,https://ddragon.leagueoflegends.com/cdn/12.11.1/img/spell/EzrealW.png,https://ddragon.leagueoflegends.com/cdn/12.11.1/img/spell/EzrealE.png,https://ddragon.leagueoflegends.com/cdn/12.11.1/img/spell/EzrealR.png
27,Fiddlesticks,https://cdn.mobalytics.gg/assets/lol/images/dd/champions/icons/fiddlesticks.png,https://images.contentstack.io/v3/assets/blt731acb42bb3d1659/blteafcbfed69c501b5/61e2114879b5bd5a1ef7b2ea/011422_Fiddlesticks_Splash_v1.jpg,https://images.contentstack.io/v3/assets/blt731acb42bb3d1659/bltc125289854348350/61eb04942b2fd027e7188a28/012422_Fiddlesticks_A_Harmless_Scarecrow_Icon.png,https://ddragon.leagueoflegends.com/cdn/12.11.1/img/spell/FiddleSticksQ.png,https://ddragon.leagueoflegends.com/cdn/12.11.1/img/spell/FiddleSticksW.png,https://ddragon.leagueoflegends.com/cdn/12.11.1/img/spell/FiddleSticksE.png,https://ddragon.leagueoflegends.com/cdn/12.11.1/img/spell/FiddleSticksR.png
28,Fiora,https://cdn.mobalytics.gg/assets/lol/images/dd/champions/icons/fiora.png,https://ddragon.leagueoflegends.com/cdn/img/champion/splash/Fiora_0.jpg,https://ddragon.leagueoflegends.com/cdn/12.11.1/img/passive/Fiora_P.png,https://ddragon.leagueoflegends.com/cdn/12.11.1/img/spell/FioraQ.png,https://ddragon.leagueoflegends.com/cdn/12.11.1/img/spell/FioraW.png,https://ddragon.leagueoflegends.com/cdn/12.11.1/img/spell/FioraE.png,https://ddragon.leagueoflegends.com/cdn/12.11.1/img/spell/FioraR.png
29,Fizz,https://cdn.mobalytics.gg/assets/lol/images/dd/champions/icons/fizz.png,https://ddragon.leagueoflegends.com/cdn/img/champion/splash/Fizz_0.jpg,https://ddragon.leagueoflegends.com/cdn/12.11.1/img/passive/Fizz_P.png,https://ddragon.leagueoflegends.com/cdn/12.11.1/img/spell/FizzQ.png,https://ddragon.leagueoflegends.com/cdn/12.11.1/img/spell/FizzW.png,https://ddragon.leagueoflegends.com/cdn/12.11.1/img/spell/FizzE.png,https://ddragon.leagueoflegends.com/cdn/12.11.1/img/spell/FizzR.png
30,Galio,https://cdn.mobalytics.gg/assets/lol/images/dd/champions/icons/galio.png,https://ddragon.leagueoflegends.com/cdn/img/champion/splash/Galio_0.jpg,https://ddragon.leagueoflegends.com/cdn/12.11.1/img/passive/Galio_Passive.png,https://ddragon.leagueoflegends.com/cdn/12.11.1/img/spell/GalioQ.png,https://ddragon.leagueoflegends.com/cdn/12.11.1/img/spell/GalioW.png,https://ddragon.leagueoflegends.com/cdn/12.11.1/img/spell/GalioE.png,https://ddragon.leagueoflegends.com/cdn/12.11.1/img/spell/GalioR.png
31,Gangplank,https://cdn.mobalytics.gg/assets/lol/images/dd/champions/icons/gangplank.png,https://ddragon.leagueoflegends.com/cdn/img/champion/splash/Gangplank_0.jpg,https://ddragon.leagueoflegends.com/cdn/12.11.1/img/passive/Gangplank_Passive.png,https://ddragon.leagueoflegends.com/cdn/12.11.1/img/spell/GangplankQWrapper.png,https://ddragon.leagueoflegends.com/cdn/12.11.1/img/spell/GangplankW.png,https://ddragon.leagueoflegends.com/cdn/12.11.1/img/spell/GangplankE.png,https://ddragon.leagueoflegends.com/cdn/12.11.1/img/spell/GangplankR.png
32,Garen,https://cdn.mobalytics.gg/assets/lol/images/dd/champions/icons/garen.png,https://ddragon.leagueoflegends.com/cdn/img/champion/splash/Garen_0.jpg,https://ddragon.leagueoflegends.com/cdn/12.11.1/img/passive/Garen_Passive.png,https://ddragon.leagueoflegends.com/cdn/12.11.1/img/spell/GarenQ.png,https://ddragon.leagueoflegends.com/cdn/12.11.1/img/spell/GarenW.png,https://ddragon.leagueoflegends.com/cdn/12.11.1/img/spell/GarenE.png,https://ddragon.leagueoflegends.com/cdn/12.11.1/img/spell/GarenR.png
33,Gnar,https://cdn.mobalytics.gg/assets/lol/images/dd/champions/icons/gnar.png,https://ddragon.leagueoflegends.com/cdn/img/champion/splash/Gnar_0.jpg,https://ddragon.leagueoflegends.com/cdn/12.11.1/img/passive/Gnar_Passive.png,https://ddragon.leagueoflegends.com/cdn/12.11.1/img/spell/GnarQ.png,https://ddragon.leagueoflegends.com/cdn/12.11.1/img/spell/GnarW.png,https://ddragon.leagueoflegends.com/cdn/12.11.1/img/spell/GnarE.png,https://ddragon.leagueoflegends.com/cdn/12.11.1/img/spell/GnarR.png
34,Gragas,https://cdn.mobalytics.gg/assets/lol/images/dd/champions/icons/gragas.png,https://ddragon.leagueoflegends.com/cdn/img/champion/splash/Gragas_0.jpg,https://ddragon.leagueoflegends.com/cdn/12.11.1/img/passive/GragasPassiveHeal.png,https://ddragon.leagueoflegends.com/cdn/12.11.1/img/spell/GragasQ.png,https://ddragon.leagueoflegends.com/cdn/12.11.1/img/spell/GragasW.png,https://ddragon.leagueoflegends.com/cdn/12.11.1/img/spell/GragasE.png,https://ddragon.leagueoflegends.com/cdn/12.11.1/img/spell/GragasR.png
35,Graves,https://cdn.mobalytics.gg/assets/lol/images/dd/champions/icons/graves.png,https://images.contentstack.io/v3/assets/blt731acb42bb3d1659/blt5796e3d258e95471/5e83cb29cfad926479634951/Graves_00_Base-Cigar.jpg,https://ddragon.leagueoflegends.com/cdn/12.11.1/img/passive/GravesTrueGrit.png,https://ddragon.leagueoflegends.com/cdn/12.11.1/img/spell/GravesQLineSpell.png,https://ddragon.leagueoflegends.com/cdn/12.11.1/img/spell/GravesSmokeGrenade.png,https://ddragon.leagueoflegends.com/cdn/12.11.1/img/spell/GravesMove.png,https://ddragon.leagueoflegends.com/cdn/12.11.1/img/spell/GravesChargeShot.png
36,Hecarim,https://cdn.mobalytics.gg/assets/lol/images/dd/champions/icons/hecarim.png,https://ddragon.leagueoflegends.com/cdn/img/champion/splash/Hecarim_0.jpg,https://ddragon.leagueoflegends.com/cdn/12.11.1/img/passive/Hecarim_Passive.png,https://ddragon.leagueoflegends.com/cdn/12.11.1/img/spell/HecarimRapidSlash.png,https://ddragon.leagueoflegends.com/cdn/12.11.1/img/spell/HecarimW.png,https://ddragon.leagueoflegends.com/cdn/12.11.1/img/spell/HecarimRamp.png,https://ddragon.leagueoflegends.com/cdn/12.11.1/img/spell/HecarimUlt.png
37,Heimerdinger,https://cdn.mobalytics.gg/assets/lol/images/dd/champions/icons/heimerdinger.png,https://ddragon.leagueoflegends.com/cdn/img/champion/splash/Heimerdinger_0.jpg,https://ddragon.leagueoflegends.com/cdn/12.11.1/img/passive/Heimerdinger_Passive.png,https://ddragon.leagueoflegends.com/cdn/12.11.1/img/spell/HeimerdingerQ.png,https://ddragon.leagueoflegends.com/cdn/12.11.1/img/spell/HeimerdingerW.png,https://ddragon.leagueoflegends.com/cdn/12.11.1/img/spell/HeimerdingerE.png,https://ddragon.leagueoflegends.com/cdn/12.11.1/img/spell/HeimerdingerR.png
38,Illaoi,https://cdn.mobalytics.gg/assets/lol/images/dd/champions/icons/illaoi.png,https://ddragon.leagueoflegends.com/cdn/img/champion/splash/Illaoi_0.jpg,https://ddragon.leagueoflegends.com/cdn/12.11.1/img/passive/Illaoi_P.png,https://ddragon.leagueoflegends.com/cdn/12.11.1/img/spell/IllaoiQ.png,https://ddragon.leagueoflegends.com/cdn/12.11.1/img/spell/IllaoiW.png,https://ddragon.leagueoflegends.com/cdn/12.11.1/img/spell/IllaoiE.png,https://ddragon.leagueoflegends.com/cdn/12.11.1/img/spell/IllaoiR.png
39,Irelia,https://cdn.mobalytics.gg/assets/lol/images/dd/champions/icons/irelia.png,https://ddragon.leagueoflegends.com/cdn/img/champion/splash/Irelia_0.jpg,https://ddragon.leagueoflegends.com/cdn/12.11.1/img/passive/Irelia_Passive.png,https://ddragon.leagueoflegends.com/cdn/12.11.1/img/spell/IreliaQ.png,https://ddragon.leagueoflegends.com/cdn/12.11.1/img/spell/IreliaW.png,https://ddragon.leagueoflegends.com/cdn/12.11.1/img/spell/IreliaE.png,https://ddragon.leagueoflegends.com/cdn/12.11.1/img/spell/IreliaR.png
40,Ivern,https://cdn.mobalytics.gg/assets/lol/images/dd/champions/icons/ivern.png,https://ddragon.leagueoflegends.com/cdn/img/champion/splash/Ivern_0.jpg,https://ddragon.leagueoflegends.com/cdn/12.11.1/img/passive/IvernP.png,https://ddragon.leagueoflegends.com/cdn/12.11.1/img/spell/IvernQ.png,https://ddragon.leagueoflegends.com/cdn/12.11.1/img/spell/IvernW.png,https://ddragon.leagueoflegends.com/cdn/12.11.1/img/spell/IvernE.png,https://ddragon.leagueoflegends.com/cdn/12.11.1/img/spell/IvernR.png
41,Janna,https://cdn.mobalytics.gg/assets/lol/images/dd/champions/icons/janna.png,https://ddragon.leagueoflegends.com/cdn/img/champion/splash/Janna_0.jpg,https://ddragon.leagueoflegends.com/cdn/12.11.1/img/passive/Janna_Tailwind.png,https://ddragon.leagueoflegends.com/cdn/12.11.1/img/spell/HowlingGale.png,https://ddragon.leagueoflegends.com/cdn/12.11.1/img/spell/SowTheWind.png,https://ddragon.leagueoflegends.com/cdn/12.11.1/img/spell/EyeOfTheStorm.png,https://ddragon.leagueoflegends.com/cdn/12.11.1/img/spell/ReapTheWhirlwind.png
42,Jarvan IV,https://cdn.mobalytics.gg/assets/lol/images/dd/champions/icons/jarvaniv.png,https://ddragon.leagueoflegends.com/cdn/img/champion/splash/JarvanIV_0.jpg,https://ddragon.leagueoflegends.com/cdn/12.11.1/img/passive/JarvanIV_MartialCadence.png,https://ddragon.leagueoflegends.com/cdn/12.11.1/img/spell/JarvanIVDragonStrike.png,https://ddragon.leagueoflegends.com/cdn/12.11.1/img/spell/JarvanIVGoldenAegis.png,https://ddragon.leagueoflegends.com/cdn/12.11.1/img/spell/JarvanIVDemacianStandard.png,https://ddragon.leagueoflegends.com/cdn/12.11.1/img/spell/JarvanIVCataclysm.png
43,Jax,https://cdn.mobalytics.gg/assets/lol/images/dd/champions/icons/jax.png,https://ddragon.leagueoflegends.com/cdn/img/champion/splash/Jax_0.jpg,https://ddragon.leagueoflegends.com/cdn/12.11.1/img/passive/Armsmaster_MasterOfArms.png,https://ddragon.leagueoflegends.com/cdn/12.11.1/img/spell/JaxLeapStrike.png,https://ddragon.leagueoflegends.com/cdn/12.11.1/img/spell/JaxEmpowerTwo.png,https://ddragon.leagueoflegends.com/cdn/12.11.1/img/spell/JaxCounterStrike.png,https://ddragon.leagueoflegends.com/cdn/12.11.1/img/spell/JaxRelentlessAssault.png
44,Jayce,https://cdn.mobalytics.gg/assets/lol/images/dd/champions/icons/jayce.png,https://ddragon.leagueoflegends.com/cdn/img/champion/splash/Jayce_0.jpg,https://ddragon.leagueoflegends.com/cdn/12.11.1/img/passive/Jayce_Passive.png,https://ddragon.leagueoflegends.com/cdn/12.11.1/img/spell/JayceToTheSkies.png,https://ddragon.leagueoflegends.com/cdn/12.11.1/img/spell/JayceStaticField.png,https://ddragon.leagueoflegends.com/cdn/12.11.1/img/spell/JayceThunderingBlow.png,https://ddragon.leagueoflegends.com/cdn/12.11.1/img/spell/JayceStanceHtG.png
45,Jhin,https://cdn.mobalytics.gg/assets/lol/images/dd/champions/icons/jhin.png,https://ddragon.leagueoflegends.com/cdn/img/champion/splash/Jhin_0.jpg,https://ddragon.leagueoflegends.com/cdn/12.11.1/img/passive/Jhin_P.png,https://ddragon.leagueoflegends.com/cdn/12.11.1/img/spell/JhinQ.png,https://ddragon.leagueoflegends.com/cdn/12.11.1/img/spell/JhinW.png,https://ddragon.leagueoflegends.com/cdn/12.11.1/img/spell/JhinE.png,https://ddragon.leagueoflegends.com/cdn/12.11.1/img/spell/JhinR.png
46,Jinx,https://cdn.mobalytics.gg/assets/lol/images/dd/champions/icons/jinx.png,https://ddragon.leagueoflegends.com/cdn/img/champion/splash/Jinx_0.jpg,https://ddragon.leagueoflegends.com/cdn/12.11.1/img/passive/Jinx_Passive.png,https://ddragon.leagueoflegends.com/cdn/12.11.1/img/spell/JinxQ.png,https://ddragon.leagueoflegends.com/cdn/12.11.1/img/spell/JinxW.png,https://ddragon.leagueoflegends.com/cdn/12.11.1/img/spell/JinxE.png,https://ddragon.leagueoflegends.com/cdn/12.11.1/img/spell/JinxR.png
47,Kai'Sa,https://cdn.mobalytics.gg/assets/lol/images/dd/champions/icons/kaisa.png,https://ddragon.leagueoflegends.com/cdn/img/champion/splash/Kaisa_0.jpg,https://ddragon.leagueoflegends.com/cdn/12.11.1/img/passive/Kaisa_Passive.png,https://ddragon.leagueoflegends.com/cdn/12.11.1/img/spell/KaisaQ.png,https://ddragon.leagueoflegends.com/cdn/12.11.1/img/spell/KaisaW.png,https://ddragon.leagueoflegends.com/cdn/12.11.1/img/spell/KaisaE.png,https://ddragon.leagueoflegends.com/cdn/12.11.1/img/spell/KaisaR.png
48,Kalista,https://cdn.mobalytics.gg/assets/lol/images/dd/champions/icons/kalista.png,https://ddragon.leagueoflegends.com/cdn/img/champion/splash/Kalista_0.jpg,https://ddragon.leagueoflegends.com/cdn/12.11.1/img/passive/Kalista_Passive.png,https://ddragon.leagueoflegends.com/cdn/12.11.1/img/spell/KalistaMysticShot.png,https://ddragon.leagueoflegends.com/cdn/12.11.1/img/spell/KalistaW.png,https://ddragon.leagueoflegends.com/cdn/12.11.1/img/spell/KalistaExpungeWrapper.png,https://ddragon.leagueoflegends.com/cdn/12.11.1/img/spell/KalistaRx.png
49,Karma,https://cdn.mobalytics.gg/assets/lol/images/dd/champions/icons/karma.png,https://ddragon.leagueoflegends.com/cdn/img/champion/splash/Karma_0.jpg,https://ddragon.leagueoflegends.com/cdn/12.11.1/img/passive/Karma_Passive.png,https://ddragon.leagueoflegends.com/cdn/12.11.1/img/spell/KarmaQ.png,https://ddragon.leagueoflegends.com/cdn/12.11.1/img/spell/KarmaSpiritBind.png,https://ddragon.leagueoflegends.com/cdn/12.11.1/img/spell/KarmaSolKimShield.png,https://ddragon.leagueoflegends.com/cdn/12.11.1/img/spell/KarmaMantra.png
50,Karthus,https://cdn.mobalytics.gg/assets/lol/images/dd/champions/icons/karthus.png,https://ddragon.leagueoflegends.com/cdn/img/champion/splash/Karthus_0.jpg,https://ddragon.leagueoflegends.com/cdn/12.11.1/img/passive/Karthus_Passive.png,https://ddragon.leagueoflegends.com/cdn/12.11.1/img/spell/KarthusLayWasteA1.png,https://ddragon.leagueoflegends.com/cdn/12.11.1/img/spell/KarthusWallOfPain.png,https://ddragon.leagueoflegends.com/cdn/12.11.1/img/spell/KarthusDefile.png,https://ddragon.leagueoflegends.com/cdn/12.11.1/img/spell/KarthusFallenOne.png
51,Kassadin,https://cdn.mobalytics.gg/assets/lol/images/dd/champions/icons/kassadin.png,https://ddragon.leagueoflegends.com/cdn/img/champion/splash/Kassadin_0.jpg,https://ddragon.leagueoflegends.com/cdn/12.11.1/img/passive/Kassadin_Passive.png,https://ddragon.leagueoflegends.com/cdn/12.11.1/img/spell/NullLance.png,https://ddragon.leagueoflegends.com/cdn/12.11.1/img/spell/NetherBlade.png,https://ddragon.leagueoflegends.com/cdn/12.11.1/img/spell/ForcePulse.png,https://ddragon.leagueoflegends.com/cdn/12.11.1/img/spell/RiftWalk.png
52,Katarina,https://cdn.mobalytics.gg/assets/lol/images/dd/champions/icons/katarina.png,https://ddragon.leagueoflegends.com/cdn/img/champion/splash/Katarina_0.jpg,https://ddragon.leagueoflegends.com/cdn/12.11.1/img/passive/Katarina_Passive.png,https://ddragon.leagueoflegends.com/cdn/12.11.1/img/spell/KatarinaQ.png,https://ddragon.leagueoflegends.com/cdn/12.11.1/img/spell/KatarinaW.png,https://ddragon.leagueoflegends.com/cdn/12.11.1/img/spell/KatarinaEWrapper.png,https://ddragon.leagueoflegends.com/cdn/12.11.1/img/spell/KatarinaR.png
53,Kayle,https://cdn.mobalytics.gg/assets/lol/images/dd/champions/icons/kayle.png,https://ddragon.leagueoflegends.com/cdn/img/champion/splash/Kayle_0.jpg,https://ddragon.leagueoflegends.com/cdn/12.11.1/img/passive/Kayle_P.png,https://ddragon.leagueoflegends.com/cdn/12.11.1/img/spell/KayleQ.png,https://ddragon.leagueoflegends.com/cdn/12.11.1/img/spell/KayleW.png,https://ddragon.leagueoflegends.com/cdn/12.11.1/img/spell/KayleE.png,https://ddragon.leagueoflegends.com/cdn/12.11.1/img/spell/KayleR.png
54,Kayn,https://cdn.mobalytics.gg/assets/lol/images/dd/champions/icons/kayn.png,https://ddragon.leagueoflegends.com/cdn/img/champion/splash/Kayn_0.jpg,https://ddragon.leagueoflegends.com/cdn/12.11.1/img/passive/Kayn_Passive_Primary.png,https://ddragon.leagueoflegends.com/cdn/12.11.1/img/spell/KaynQ.png,https://ddragon.leagueoflegends.com/cdn/12.11.1/img/spell/KaynW.png,https://ddragon.leagueoflegends.com/cdn/12.11.1/img/spell/KaynE.png,https://ddragon.leagueoflegends.com/cdn/12.11.1/img/spell/KaynR.png
55,Kennen,https://cdn.mobalytics.gg/assets/lol/images/dd/champions/icons/kennen.png,https://ddragon.leagueoflegends.com/cdn/img/champion/splash/Kennen_0.jpg,https://ddragon.leagueoflegends.com/cdn/12.11.1/img/passive/Kennen_Passive.png,https://ddragon.leagueoflegends.com/cdn/12.11.1/img/spell/KennenShurikenHurlMissile1.png,https://ddragon.leagueoflegends.com/cdn/12.11.1/img/spell/KennenBringTheLight.png,https://ddragon.leagueoflegends.com/cdn/12.11.1/img/spell/KennenLightningRush.png,https://ddragon.leagueoflegends.com/cdn/12.11.1/img/spell/KennenShurikenStorm.png
56,Kha'Zix,https://cdn.mobalytics.gg/assets/lol/images/dd/champions/icons/khazix.png,https://ddragon.leagueoflegends.com/cdn/img/champion/splash/Khazix_0.jpg,https://ddragon.leagueoflegends.com/cdn/12.11.1/img/passive/Khazix_P.png,https://ddragon.leagueoflegends.com/cdn/12.11.1/img/spell/KhazixQ.png,https://ddragon.leagueoflegends.com/cdn/12.11.1/img/spell/KhazixW.png,https://ddragon.leagueoflegends.com/cdn/12.11.1/img/spell/KhazixE.png,https://ddragon.leagueoflegends.com/cdn/12.11.1/img/spell/KhazixR.png
57,Kindred,https://cdn.mobalytics.gg/assets/lol/images/dd/champions/icons/kindred.png,https://ddragon.leagueoflegends.com/cdn/img/champion/splash/Kindred_0.jpg,https://ddragon.leagueoflegends.com/cdn/12.11.1/img/passive/Kindred_Passive.png,https://ddragon.leagueoflegends.com/cdn/12.11.1/img/spell/KindredQ.png,https://ddragon.leagueoflegends.com/cdn/12.11.1/img/spell/KindredW.png,https://ddragon.leagueoflegends.com/cdn/12.11.1/img/spell/KindredEWrapper.png,https://ddragon.leagueoflegends.com/cdn/12.11.1/img/spell/KindredR.png
58,Kled,https://cdn.mobalytics.gg/assets/lol/images/dd/champions/icons/kled.png,https://ddragon.leagueoflegends.com/cdn/img/champion/splash/Kled_0.jpg,https://ddragon.leagueoflegends.com/cdn/12.11.1/img/passive/Kled_P.png,https://ddragon.leagueoflegends.com/cdn/12.11.1/img/spell/KledQ.png,https://ddragon.leagueoflegends.com/cdn/12.11.1/img/spell/KledW.png,https://ddragon.leagueoflegends.com/cdn/12.11.1/img/spell/KledE.png,https://ddragon.leagueoflegends.com/cdn/12.11.1/img/spell/KledR.png
59,Kog'Maw,https://cdn.mobalytics.gg/assets/lol/images/dd/champions/icons/kogmaw.png,https://ddragon.leagueoflegends.com/cdn/img/champion/splash/KogMaw_0.jpg,https://ddragon.leagueoflegends.com/cdn/12.11.1/img/passive/KogMaw_IcathianSurprise.png,https://ddragon.leagueoflegends.com/cdn/12.11.1/img/spell/KogMawQ.png,https://ddragon.leagueoflegends.com/cdn/12.11.1/img/spell/KogMawBioArcaneBarrage.png,https://ddragon.leagueoflegends.com/cdn/12.11.1/img/spell/KogMawVoidOoze.png,https://ddragon.leagueoflegends.com/cdn/12.11.1/img/spell/KogMawLivingArtillery.png
60,LeBlanc,https://cdn.mobalytics.gg/assets/lol/images/dd/champions/icons/leblanc.png,https://ddragon.leagueoflegends.com/cdn/img/champion/splash/Leblanc_0.jpg,https://ddragon.leagueoflegends.com/cdn/12.11.1/img/passive/LeBlancP.png,https://ddragon.leagueoflegends.com/cdn/12.11.1/img/spell/LeblancQ.png,https://ddragon.leagueoflegends.com/cdn/12.11.1/img/spell/LeblancW.png,https://ddragon.leagueoflegends.com/cdn/12.11.1/img/spell/LeblancE.png,https://ddragon.leagueoflegends.com/cdn/12.11.1/img/spell/LeblancR.png
61,Lee Sin,https://cdn.mobalytics.gg/assets/lol/images/dd/champions/icons/leesin.png,https://ddragon.leagueoflegends.com/cdn/img/champion/splash/LeeSin_0.jpg,https://ddragon.leagueoflegends.com/cdn/12.11.1/img/passive/LeeSinPassive.png,https://ddragon.leagueoflegends.com/cdn/12.11.1/img/spell/BlindMonkQOne.png,https://ddragon.leagueoflegends.com/cdn/12.11.1/img/spell/BlindMonkWOne.png,https://ddragon.leagueoflegends.com/cdn/12.11.1/img/spell/BlindMonkEOne.png,https://ddragon.leagueoflegends.com/cdn/12.11.1/img/spell/BlindMonkRKick.png
62,Leona,https://cdn.mobalytics.gg/assets/lol/images/dd/champions/icons/leona.png,https://ddragon.leagueoflegends.com/cdn/img/champion/splash/Leona_0.jpg,https://ddragon.leagueoflegends.com/cdn/12.11.1/img/passive/LeonaSunlight.png,https://ddragon.leagueoflegends.com/cdn/12.11.1/img/spell/LeonaShieldOfDaybreak.png,https://ddragon.leagueoflegends.com/cdn/12.11.1/img/spell/LeonaSolarBarrier.png,https://ddragon.leagueoflegends.com/cdn/12.11.1/img/spell/LeonaZenithBlade.png,https://ddragon.leagueoflegends.com/cdn/12.11.1/img/spell/LeonaSolarFlare.png
63,Lissandra,https://cdn.mobalytics.gg/assets/lol/images/dd/champions/icons/lissandra.png,https://ddragon.leagueoflegends.com/cdn/img/champion/splash/Lissandra_0.jpg,https://ddragon.leagueoflegends.com/cdn/12.11.1/img/passive/Lissandra_Passive.png,https://ddragon.leagueoflegends.com/cdn/12.11.1/img/spell/LissandraQ.png,https://ddragon.leagueoflegends.com/cdn/12.11.1/img/spell/LissandraW.png,https://ddragon.leagueoflegends.com/cdn/12.11.1/img/spell/LissandraE.png,https://ddragon.leagueoflegends.com/cdn/12.11.1/img/spell/LissandraR.png
64,Lucian,https://cdn.mobalytics.gg/assets/lol/images/dd/champions/icons/lucian.png,https://ddragon.leagueoflegends.com/cdn/img/champion/splash/Lucian_0.jpg,https://ddragon.leagueoflegends.com/cdn/12.11.1/img/passive/Lucian_Passive.png,https://ddragon.leagueoflegends.com/cdn/12.11.1/img/spell/LucianQ.png,https://ddragon.leagueoflegends.com/cdn/12.11.1/img/spell/LucianW.png,https://ddragon.leagueoflegends.com/cdn/12.11.1/img/spell/LucianE.png,https://ddragon.leagueoflegends.com/cdn/12.11.1/img/spell/LucianR.png
65,Lulu,https://cdn.mobalytics.gg/assets/lol/images/dd/champions/icons/lulu.png,https://ddragon.leagueoflegends.com/cdn/img/champion/splash/Lulu_0.jpg,https://ddragon.leagueoflegends.com/cdn/12.11.1/img/passive/Lulu_PixFaerieCompanion.png,https://ddragon.leagueoflegends.com/cdn/12.11.1/img/spell/LuluQ.png,https://ddragon.leagueoflegends.com/cdn/12.11.1/img/spell/LuluW.png,https://ddragon.leagueoflegends.com/cdn/12.11.1/img/spell/LuluE.png,https://ddragon.leagueoflegends.com/cdn/12.11.1/img/spell/LuluR.png
66,Lux,https://cdn.mobalytics.gg/assets/lol/images/dd/champions/icons/lux.png,https://ddragon.leagueoflegends.com/cdn/img/champion/splash/Lux_0.jpg,https://ddragon.leagueoflegends.com/cdn/12.11.1/img/passive/LuxIlluminatingFraulein.png,https://ddragon.leagueoflegends.com/cdn/12.11.1/img/spell/LuxLightBinding.png,https://ddragon.leagueoflegends.com/cdn/12.11.1/img/spell/LuxPrismaticWave.png,https://ddragon.leagueoflegends.com/cdn/12.11.1/img/spell/LuxLightStrikeKugel.png,https://ddragon.leagueoflegends.com/cdn/12.11.1/img/spell/LuxR.png
67,Malphite,https://cdn.mobalytics.gg/assets/lol/images/dd/champions/icons/malphite.png,https://ddragon.leagueoflegends.com/cdn/img/champion/splash/Malphite_0.jpg,https://ddragon.leagueoflegends.com/cdn/12.11.1/img/passive/Malphite_GraniteShield.png,https://ddragon.leagueoflegends.com/cdn/12.11.1/img/spell/SeismicShard.png,https://ddragon.leagueoflegends.com/cdn/12.11.1/img/spell/Obduracy.png,https://ddragon.leagueoflegends.com/cdn/12.11.1/img/spell/Landslide.png,https://ddragon.leagueoflegends.com/cdn/12.11.1/img/spell/UFSlash.png
68,Malzahar,https://cdn.mobalytics.gg/assets/lol/images/dd/champions/icons/malzahar.png,https://ddragon.leagueoflegends.com/cdn/img/champion/splash/Malzahar_0.jpg,https://ddragon.leagueoflegends.com/cdn/12.11.1/img/passive/Malzahar_Passive.png,https://ddragon.leagueoflegends.com/cdn/12.11.1/img/spell/MalzaharQ.png,https://ddragon.leagueoflegends.com/cdn/12.11.1/img/spell/MalzaharW.png,https://ddragon.leagueoflegends.com/cdn/12.11.1/img/spell/MalzaharE.png,https://ddragon.leagueoflegends.com/cdn/12.11.1/img/spell/MalzaharR.png
69,Maokai,https://cdn.mobalytics.gg/assets/lol/images/dd/champions/icons/maokai.png,https://ddragon.leagueoflegends.com/cdn/img/champion/splash/Maokai_0.jpg,https://ddragon.leagueoflegends.com/cdn/12.11.1/img/passive/Maokai_Passive.png,https://ddragon.leagueoflegends.com/cdn/12.11.1/img/spell/MaokaiQ.png,https://ddragon.leagueoflegends.com/cdn/12.11.1/img/spell/MaokaiW.png,https://ddragon.leagueoflegends.com/cdn/12.11.1/img/spell/MaokaiE.png,https://ddragon.leagueoflegends.com/cdn/12.11.1/img/spell/MaokaiR.png
70,Master Yi,https://cdn.mobalytics.gg/assets/lol/images/dd/champions/icons/masteryi.png,https://ddragon.leagueoflegends.com/cdn/img/champion/splash/MasterYi_0.jpg,https://ddragon.leagueoflegends.com/cdn/12.11.1/img/passive/MasterYi_Passive1.png,https://ddragon.leagueoflegends.com/cdn/12.11.1/img/spell/AlphaStrike.png,https://ddragon.leagueoflegends.com/cdn/12.11.1/img/spell/Meditate.png,https://ddragon.leagueoflegends.com/cdn/12.11.1/img/spell/WujuStyle.png,https://ddragon.leagueoflegends.com/cdn/12.11.1/img/spell/Highlander.png
71,Miss Fortune,https://cdn.mobalytics.gg/assets/lol/images/dd/champions/icons/missfortune.png,https://ddragon.leagueoflegends.com/cdn/img/champion/splash/MissFortune_0.jpg,https://ddragon.leagueoflegends.com/cdn/12.11.1/img/passive/MissFortune_W.png,https://ddragon.leagueoflegends.com/cdn/12.11.1/img/spell/MissFortuneRicochetShot.png,https://ddragon.leagueoflegends.com/cdn/12.11.1/img/spell/MissFortuneViciousStrikes.png,https://ddragon.leagueoflegends.com/cdn/12.11.1/img/spell/MissFortuneScattershot.png,https://ddragon.leagueoflegends.com/cdn/12.11.1/img/spell/MissFortuneBulletTime.png
72,Mordekaiser,https://cdn.mobalytics.gg/assets/lol/images/dd/champions/icons/mordekaiser.png,https://ddragon.leagueoflegends.com/cdn/img/champion/splash/Mordekaiser_0.jpg,https://ddragon.leagueoflegends.com/cdn/12.11.1/img/passive/MordekaiserPassive.png,https://ddragon.leagueoflegends.com/cdn/12.11.1/img/spell/MordekaiserQ.png,https://ddragon.leagueoflegends.com/cdn/12.11.1/img/spell/MordekaiserW.png,https://ddragon.leagueoflegends.com/cdn/12.11.1/img/spell/MordekaiserE.png,https://ddragon.leagueoflegends.com/cdn/12.11.1/img/spell/MordekaiserR.png
73,Morgana,https://cdn.mobalytics.gg/assets/lol/images/dd/champions/icons/morgana.png,https://ddragon.leagueoflegends.com/cdn/img/champion/splash/Morgana_0.jpg,https://ddragon.leagueoflegends.com/cdn/12.11.1/img/passive/FallenAngel_Empathize.png,https://ddragon.leagueoflegends.com/cdn/12.11.1/img/spell/MorganaQ.png,https://ddragon.leagueoflegends.com/cdn/12.11.1/img/spell/MorganaW.png,https://ddragon.leagueoflegends.com/cdn/12.11.1/img/spell/MorganaE.png,https://ddragon.leagueoflegends.com/cdn/12.11.1/img/spell/MorganaR.png
74,Nami,https://cdn.mobalytics.gg/assets/lol/images/dd/champions/icons/nami.png,https://ddragon.leagueoflegends.com/cdn/img/champion/splash/Nami_0.jpg,https://ddragon.leagueoflegends.com/cdn/12.11.1/img/passive/NamiPassive.png,https://ddragon.leagueoflegends.com/cdn/12.11.1/img/spell/NamiQ.png,https://ddragon.leagueoflegends.com/cdn/12.11.1/img/spell/NamiW.png,https://ddragon.leagueoflegends.com/cdn/12.11.1/img/spell/NamiE.png,https://ddragon.leagueoflegends.com/cdn/12.11.1/img/spell/NamiR.png
75,Nasus,https://cdn.mobalytics.gg/assets/lol/images/dd/champions/icons/nasus.png,https://ddragon.leagueoflegends.com/cdn/img/champion/splash/Nasus_0.jpg,https://ddragon.leagueoflegends.com/cdn/12.11.1/img/passive/Nasus_Passive.png,https://ddragon.leagueoflegends.com/cdn/12.11.1/img/spell/NasusQ.png,https://ddragon.leagueoflegends.com/cdn/12.11.1/img/spell/NasusW.png,https://ddragon.leagueoflegends.com/cdn/12.11.1/img/spell/NasusE.png,https://ddragon.leagueoflegends.com/cdn/12.11.1/img/spell/NasusR.png
76,Nautilus,https://cdn.mobalytics.gg/assets/lol/images/dd/champions/icons/nautilus.png,https://ddragon.leagueoflegends.com/cdn/img/champion/splash/Nautilus_0.jpg,https://ddragon.leagueoflegends.com/cdn/12.11.1/img/passive/Nautilus_StaggeringBlow.png,https://ddragon.leagueoflegends.com/cdn/12.11.1/img/spell/NautilusAnchorDrag.png,https://ddragon.leagueoflegends.com/cdn/12.11.1/img/spell/NautilusPiercingGaze.png,https://ddragon.leagueoflegends.com/cdn/12.11.1/img/spell/NautilusSplashZone.png,https://ddragon.leagueoflegends.com/cdn/12.11.1/img/spell/NautilusGrandLine.png
77,Neeko,https://cdn.mobalytics.gg/assets/lol/images/dd/champions/icons/neeko.png,https://ddragon.leagueoflegends.com/cdn/img/champion/splash/Neeko_0.jpg,https://ddragon.leagueoflegends.com/cdn/12.11.1/img/passive/Neeko_P.png,https://ddragon.leagueoflegends.com/cdn/12.11.1/img/spell/NeekoQ.png,https://ddragon.leagueoflegends.com/cdn/12.11.1/img/spell/NeekoW.png,https://ddragon.leagueoflegends.com/cdn/12.11.1/img/spell/NeekoE.png,https://ddragon.leagueoflegends.com/cdn/12.11.1/img/spell/NeekoR.png
78,Nidalee,https://cdn.mobalytics.gg/assets/lol/images/dd/champions/icons/nidalee.png,https://ddragon.leagueoflegends.com/cdn/img/champion/splash/Nidalee_0.jpg,https://ddragon.leagueoflegends.com/cdn/12.11.1/img/passive/Nidalee_Passive.png,https://ddragon.leagueoflegends.com/cdn/12.11.1/img/spell/JavelinToss.png,https://ddragon.leagueoflegends.com/cdn/12.11.1/img/spell/Bushwhack.png,https://ddragon.leagueoflegends.com/cdn/12.11.1/img/spell/PrimalSurge.png,https://ddragon.leagueoflegends.com/cdn/12.11.1/img/spell/AspectOfTheCougar.png
79,Nocturne,https://cdn.mobalytics.gg/assets/lol/images/dd/champions/icons/nocturne.png,https://ddragon.leagueoflegends.com/cdn/img/champion/splash/Nocturne_0.jpg,https://ddragon.leagueoflegends.com/cdn/12.11.1/img/passive/Nocturne_UmbraBlades.png,https://ddragon.leagueoflegends.com/cdn/12.11.1/img/spell/NocturneDuskbringer.png,https://ddragon.leagueoflegends.com/cdn/12.11.1/img/spell/NocturneShroudofDarkness.png,https://ddragon.leagueoflegends.com/cdn/12.11.1/img/spell/NocturneUnspeakableHorror.png,https://ddragon.leagueoflegends.com/cdn/12.11.1/img/spell/NocturneParanoia.png
80,Nunu & Willump,https://cdn.mobalytics.gg/assets/lol/images/dd/champions/icons/nunu.png,https://ddragon.leagueoflegends.com/cdn/img/champion/splash/Nunu_0.jpg,https://ddragon.leagueoflegends.com/cdn/12.11.1/img/passive/NunuPassive.png,https://ddragon.leagueoflegends.com/cdn/12.11.1/img/spell/NunuQ.png,https://ddragon.leagueoflegends.com/cdn/12.11.1/img/spell/NunuW.png,https://ddragon.leagueoflegends.com/cdn/12.11.1/img/spell/NunuE.png,https://ddragon.leagueoflegends.com/cdn/12.11.1/img/spell/NunuR.png
81,Olaf,https://cdn.mobalytics.gg/assets/lol/images/dd/champions/icons/olaf.png,https://ddragon.leagueoflegends.com/cdn/img/champion/splash/Olaf_0.jpg,https://ddragon.leagueoflegends.com/cdn/12.11.1/img/passive/Olaf_Passive.png,https://ddragon.leagueoflegends.com/cdn/12.11.1/img/spell/OlafAxeThrowCast.png,https://ddragon.leagueoflegends.com/cdn/12.11.1/img/spell/OlafFrenziedStrikes.png,https://ddragon.leagueoflegends.com/cdn/12.11.1/img/spell/OlafRecklessStrike.png,https://ddragon.leagueoflegends.com/cdn/12.11.1/img/spell/OlafRagnarok.png
82,Orianna,https://cdn.mobalytics.gg/assets/lol/images/dd/champions/icons/orianna.png,https://ddragon.leagueoflegends.com/cdn/img/champion/splash/Orianna_0.jpg,https://ddragon.leagueoflegends.com/cdn/12.11.1/img/passive/OriannaPassive.png,https://ddragon.leagueoflegends.com/cdn/12.11.1/img/spell/OrianaIzunaCommand.png,https://ddragon.leagueoflegends.com/cdn/12.11.1/img/spell/OrianaDissonanceCommand.png,https://ddragon.leagueoflegends.com/cdn/12.11.1/img/spell/OrianaRedactCommand.png,https://ddragon.leagueoflegends.com/cdn/12.11.1/img/spell/OrianaDetonateCommand.png
83,Ornn,https://cdn.mobalytics.gg/assets/lol/images/dd/champions/icons/ornn.png,https://ddragon.leagueoflegends.com/cdn/img/champion/splash/Ornn_0.jpg,https://ddragon.leagueoflegends.com/cdn/12.11.1/img/passive/OrnnP.png,https://ddragon.leagueoflegends.com/cdn/12.11.1/img/spell/OrnnQ.png,https://ddragon.leagueoflegends.com/cdn/12.11.1/img/spell/OrnnW.png,https://ddragon.leagueoflegends.com/cdn/12.11.1/img/spell/OrnnE.png,https://ddragon.leagueoflegends.com/cdn/12.11.1/img/spell/OrnnR.png
84,Pantheon,https://cdn.mobalytics.gg/assets/lol/images/dd/champions/icons/pantheon.png,https://ddragon.leagueoflegends.com/cdn/img/champion/splash/Pantheon_0.jpg,https://ddragon.leagueoflegends.com/cdn/12.11.1/img/passive/Pantheon_Passive.png,https://ddragon.leagueoflegends.com/cdn/12.11.1/img/spell/PantheonQ.png,https://ddragon.leagueoflegends.com/cdn/12.11.1/img/spell/PantheonW.png,https://ddragon.leagueoflegends.com/cdn/12.11.1/img/spell/PantheonE.png,https://ddragon.leagueoflegends.com/cdn/12.11.1/img/spell/PantheonR.png
85,Poppy,https://cdn.mobalytics.gg/assets/lol/images/dd/champions/icons/poppy.png,https://ddragon.leagueoflegends.com/cdn/img/champion/splash/Poppy_0.jpg,https://ddragon.leagueoflegends.com/cdn/12.11.1/img/passive/Poppy_Passive.png,https://ddragon.leagueoflegends.com/cdn/12.11.1/img/spell/PoppyQ.png,https://ddragon.leagueoflegends.com/cdn/12.11.1/img/spell/PoppyW.png,https://ddragon.leagueoflegends.com/cdn/12.11.1/img/spell/PoppyE.png,https://ddragon.leagueoflegends.com/cdn/12.11.1/img/spell/PoppyR.png
86,Pyke,https://cdn.mobalytics.gg/assets/lol/images/dd/champions/icons/pyke.png,https://ddragon.leagueoflegends.com/cdn/img/champion/splash/Pyke_0.jpg,https://ddragon.leagueoflegends.com/cdn/12.11.1/img/passive/PykePassive.png,https://ddragon.leagueoflegends.com/cdn/12.11.1/img/spell/PykeQ.png,https://ddragon.leagueoflegends.com/cdn/12.11.1/img/spell/PykeW.png,https://ddragon.leagueoflegends.com/cdn/12.11.1/img/spell/PykeE.png,https://ddragon.leagueoflegends.com/cdn/12.11.1/img/spell/PykeR.png
87,Qiyana,https://cdn.mobalytics.gg/assets/lol/images/dd/champions/icons/qiyana.png,https://ddragon.leagueoflegends.com/cdn/img/champion/splash/Qiyana_0.jpg,https://ddragon.leagueoflegends.com/cdn/12.11.1/img/passive/Qiyana_Passive.png,https://ddragon.leagueoflegends.com/cdn/12.11.1/img/spell/QiyanaQ.png,https://ddragon.leagueoflegends.com/cdn/12.11.1/img/spell/QiyanaW.png,https://ddragon.leagueoflegends.com/cdn/12.11.1/img/spell/QiyanaE.png,https://ddragon.leagueoflegends.com/cdn/12.11.1/img/spell/QiyanaR.png
88,Quinn,https://cdn.mobalytics.gg/assets/lol/images/dd/champions/icons/quinn.png,https://ddragon.leagueoflegends.com/cdn/img/champion/splash/Quinn_0.jpg,https://ddragon.leagueoflegends.com/cdn/12.11.1/img/passive/Quinn_Passive.png,https://ddragon.leagueoflegends.com/cdn/12.11.1/img/spell/QuinnQ.png,https://ddragon.leagueoflegends.com/cdn/12.11.1/img/spell/QuinnW.png,https://ddragon.leagueoflegends.com/cdn/12.11.1/img/spell/QuinnE.png,https://ddragon.leagueoflegends.com/cdn/12.11.1/img/spell/QuinnR.png
89,Rakan,https://cdn.mobalytics.gg/assets/lol/images/dd/champions/icons/rakan.png,https://ddragon.leagueoflegends.com/cdn/img/champion/splash/Rakan_0.jpg,https://ddragon.leagueoflegends.com/cdn/12.11.1/img/passive/Rakan_P.png,https://ddragon.leagueoflegends.com/cdn/12.11.1/img/spell/RakanQ.png,https://ddragon.leagueoflegends.com/cdn/12.11.1/img/spell/RakanW.png,https://ddragon.leagueoflegends.com/cdn/12.11.1/img/spell/RakanE.png,https://ddragon.leagueoflegends.com/cdn/12.11.1/img/spell/RakanR.png
90,Rammus,https://cdn.mobalytics.gg/assets/lol/images/dd/champions/icons/rammus.png,https://ddragon.leagueoflegends.com/cdn/img/champion/splash/Rammus_0.jpg,https://ddragon.leagueoflegends.com/cdn/12.11.1/img/passive/Armordillo_ScavengeArmor.png,https://ddragon.leagueoflegends.com/cdn/12.11.1/img/spell/PowerBall.png,https://ddragon.leagueoflegends.com/cdn/12.11.1/img/spell/DefensiveBallCurl.png,https://ddragon.leagueoflegends.com/cdn/12.11.1/img/spell/PuncturingTaunt.png,https://ddragon.leagueoflegends.com/cdn/12.11.1/img/spell/Tremors2.png
91,Rek'Sai,https://cdn.mobalytics.gg/assets/lol/images/dd/champions/icons/reksai.png,https://ddragon.leagueoflegends.com/cdn/img/champion/splash/RekSai_0.jpg,https://ddragon.leagueoflegends.com/cdn/12.11.1/img/passive/RekSai_Passive.png,https://ddragon.leagueoflegends.com/cdn/12.11.1/img/spell/RekSaiQ.png,https://ddragon.leagueoflegends.com/cdn/12.11.1/img/spell/RekSaiW.png,https://ddragon.leagueoflegends.com/cdn/12.11.1/img/spell/RekSaiE.png,https://ddragon.leagueoflegends.com/cdn/12.11.1/img/spell/RekSaiRWrapper.png
92,Renekton,https://cdn.mobalytics.gg/assets/lol/images/dd/champions/icons/renekton.png,https://ddragon.leagueoflegends.com/cdn/img/champion/splash/Renekton_0.jpg,https://ddragon.leagueoflegends.com/cdn/12.11.1/img/passive/Renekton_Passive.png,https://ddragon.leagueoflegends.com/cdn/12.11.1/img/spell/RenektonCleave.png,https://ddragon.leagueoflegends.com/cdn/12.11.1/img/spell/RenektonPreExecute.png,https://ddragon.leagueoflegends.com/cdn/12.11.1/img/spell/RenektonSliceAndDice.png,https://ddragon.leagueoflegends.com/cdn/12.11.1/img/spell/RenektonReignOfTheTyrant.png
93,Rengar,https://cdn.mobalytics.gg/assets/lol/images/dd/champions/icons/rengar.png,https://ddragon.leagueoflegends.com/cdn/img/champion/splash/Rengar_0.jpg,https://ddragon.leagueoflegends.com/cdn/12.11.1/img/passive/Rengar_P.png,https://ddragon.leagueoflegends.com/cdn/12.11.1/img/spell/RengarQ.png,https://ddragon.leagueoflegends.com/cdn/12.11.1/img/spell/RengarW.png,https://ddragon.leagueoflegends.com/cdn/12.11.1/img/spell/RengarE.png,https://ddragon.leagueoflegends.com/cdn/12.11.1/img/spell/RengarR.png
94,Riven,https://cdn.mobalytics.gg/assets/lol/images/dd/champions/icons/riven.png,https://ddragon.leagueoflegends.com/cdn/img/champion/splash/Riven_0.jpg,https://ddragon.leagueoflegends.com/cdn/12.11.1/img/passive/RivenRunicBlades.png,https://ddragon.leagueoflegends.com/cdn/12.11.1/img/spell/RivenTriCleave.png,https://ddragon.leagueoflegends.com/cdn/12.11.1/img/spell/RivenMartyr.png,https://ddragon.leagueoflegends.com/cdn/12.11.1/img/spell/RivenFeint.png,https://ddragon.leagueoflegends.com/cdn/12.11.1/img/spell/RivenFengShuiEngine.png
95,Rumble,https://cdn.mobalytics.gg/assets/lol/images/dd/champions/icons/rumble.png,https://ddragon.leagueoflegends.com/cdn/img/champion/splash/Rumble_0.jpg,https://ddragon.leagueoflegends.com/cdn/12.11.1/img/passive/Rumble_JunkyardTitan1.png,https://ddragon.leagueoflegends.com/cdn/12.11.1/img/spell/RumbleFlameThrower.png,https://ddragon.leagueoflegends.com/cdn/12.11.1/img/spell/RumbleShield.png,https://ddragon.leagueoflegends.com/cdn/12.11.1/img/spell/RumbleGrenade.png,https://ddragon.leagueoflegends.com/cdn/12.11.1/img/spell/RumbleCarpetBomb.png
96,Ryze,https://cdn.mobalytics.gg/assets/lol/images/dd/champions/icons/ryze.png,https://ddragon.leagueoflegends.com/cdn/img/champion/splash/Ryze_0.jpg,https://ddragon.leagueoflegends.com/cdn/12.11.1/img/passive/Ryze_P.png,https://ddragon.leagueoflegends.com/cdn/12.11.1/img/spell/RyzeQWrapper.png,https://ddragon.leagueoflegends.com/cdn/12.11.1/img/spell/RyzeW.png,https://ddragon.leagueoflegends.com/cdn/12.11.1/img/spell/RyzeE.png,https://ddragon.leagueoflegends.com/cdn/12.11.1/img/spell/RyzeR.png
97,Sejuani,https://cdn.mobalytics.gg/assets/lol/images/dd/champions/icons/sejuani.png,https://ddragon.leagueoflegends.com/cdn/img/champion/splash/Sejuani_0.jpg,https://ddragon.leagueoflegends.com/cdn/12.11.1/img/passive/Sejuani_passive.png,https://ddragon.leagueoflegends.com/cdn/12.11.1/img/spell/SejuaniQ.png,https://ddragon.leagueoflegends.com/cdn/12.11.1/img/spell/SejuaniW.png,https://ddragon.leagueoflegends.com/cdn/12.11.1/img/spell/SejuaniE.png,https://ddragon.leagueoflegends.com/cdn/12.11.1/img/spell/SejuaniR.png
98,Senna,https://cdn.mobalytics.gg/assets/lol/images/dd/champions/icons/senna.png,https://ddragon.leagueoflegends.com/cdn/img/champion/splash/Senna_0.jpg,https://ddragon.leagueoflegends.com/cdn/12.11.1/img/passive/Senna_Passive.png,https://ddragon.leagueoflegends.com/cdn/12.11.1/img/spell/SennaQ.png,https://ddragon.leagueoflegends.com/cdn/12.11.1/img/spell/SennaW.png,https://ddragon.leagueoflegends.com/cdn/12.11.1/img/spell/SennaE.png,https://ddragon.leagueoflegends.com/cdn/12.11.1/img/spell/SennaR.png
99,Shaco,https://cdn.mobalytics.gg/assets/lol/images/dd/champions/icons/shaco.png,https://ddragon.leagueoflegends.com/cdn/img/champion/splash/Shaco_0.jpg,https://ddragon.leagueoflegends.com/cdn/12.11.1/img/passive/Jester_CarefulStrikes.png,https://ddragon.leagueoflegends.com/cdn/12.11.1/img/spell/Deceive.png,https://ddragon.leagueoflegends.com/cdn/12.11.1/img/spell/JackInTheBox.png,https://ddragon.leagueoflegends.com/cdn/12.11.1/img/spell/TwoShivPoison.png,https://ddragon.leagueoflegends.com/cdn/12.11.1/img/spell/HallucinateFull.png
100,Shen,https://cdn.mobalytics.gg/assets/lol/images/dd/champions/icons/shen.png,https://ddragon.leagueoflegends.com/cdn/img/champion/splash/Shen_0.jpg,https://ddragon.leagueoflegends.com/cdn/12.11.1/img/passive/Shen_Passive.png,https://ddragon.leagueoflegends.com/cdn/12.11.1/img/spell/ShenQ.png,https://ddragon.leagueoflegends.com/cdn/12.11.1/img/spell/ShenW.png,https://ddragon.leagueoflegends.com/cdn/12.11.1/img/spell/ShenE.png,https://ddragon.leagueoflegends.com/cdn/12.11.1/img/spell/ShenR.png
101,Shyvana,https://cdn.mobalytics.gg/assets/lol/images/dd/champions/icons/shyvana.png,https://ddragon.leagueoflegends.com/cdn/img/champion/splash/Shyvana_0.jpg,https://ddragon.leagueoflegends.com/cdn/12.11.1/img/passive/ShyvanaReinforcedScales.png,https://ddragon.leagueoflegends.com/cdn/12.11.1/img/spell/ShyvanaDoubleAttack.png,https://ddragon.leagueoflegends.com/cdn/12.11.1/img/spell/ShyvanaImmolationAura.png,https://ddragon.leagueoflegends.com/cdn/12.11.1/img/spell/ShyvanaFireball.png,https://ddragon.leagueoflegends.com/cdn/12.11.1/img/spell/ShyvanaTransformCast.png
102,Singed,https://cdn.mobalytics.gg/assets/lol/images/dd/champions/icons/singed.png,https://ddragon.leagueoflegends.com/cdn/img/champion/splash/Singed_0.jpg,https://ddragon.leagueoflegends.com/cdn/12.11.1/img/passive/Singed_Passive.png,https://ddragon.leagueoflegends.com/cdn/12.11.1/img/spell/PoisonTrail.png,https://ddragon.leagueoflegends.com/cdn/12.11.1/img/spell/MegaAdhesive.png,https://ddragon.leagueoflegends.com/cdn/12.11.1/img/spell/Fling.png,https://ddragon.leagueoflegends.com/cdn/12.11.1/img/spell/InsanityPotion.png
103,Sion,https://cdn.mobalytics.gg/assets/lol/images/dd/champions/icons/sion.png,https://ddragon.leagueoflegends.com/cdn/img/champion/splash/Sion_0.jpg,https://ddragon.leagueoflegends.com/cdn/12.11.1/img/passive/Sion_Passive1.png,https://ddragon.leagueoflegends.com/cdn/12.11.1/img/spell/SionQ.png,https://ddragon.leagueoflegends.com/cdn/12.11.1/img/spell/SionW.png,https://ddragon.leagueoflegends.com/cdn/12.11.1/img/spell/SionE.png,https://ddragon.leagueoflegends.com/cdn/12.11.1/img/spell/SionR.png
104,Sivir,https://cdn.mobalytics.gg/assets/lol/images/dd/champions/icons/sivir.png,https://ddragon.leagueoflegends.com/cdn/img/champion/splash/Sivir_0.jpg,https://ddragon.leagueoflegends.com/cdn/12.11.1/img/passive/Sivir_Passive.png,https://ddragon.leagueoflegends.com/cdn/12.11.1/img/spell/SivirQ.png,https://ddragon.leagueoflegends.com/cdn/12.11.1/img/spell/SivirW.png,https://ddragon.leagueoflegends.com/cdn/12.11.1/img/spell/SivirE.png,https://ddragon.leagueoflegends.com/cdn/12.11.1/img/spell/SivirR.png
105,Skarner,https://cdn.mobalytics.gg/assets/lol/images/dd/champions/icons/skarner.png,https://ddragon.leagueoflegends.com/cdn/img/champion/splash/Skarner_0.jpg,https://ddragon.leagueoflegends.com/cdn/12.11.1/img/passive/Skarner_Passive.png,https://ddragon.leagueoflegends.com/cdn/12.11.1/img/spell/SkarnerVirulentSlash.png,https://ddragon.leagueoflegends.com/cdn/12.11.1/img/spell/SkarnerExoskeleton.png,https://ddragon.leagueoflegends.com/cdn/12.11.1/img/spell/SkarnerFracture.png,https://ddragon.leagueoflegends.com/cdn/12.11.1/img/spell/SkarnerImpale.png
106,Sona,https://cdn.mobalytics.gg/assets/lol/images/dd/champions/icons/sona.png,https://ddragon.leagueoflegends.com/cdn/img/champion/splash/Sona_0.jpg,https://ddragon.leagueoflegends.com/cdn/12.11.1/img/passive/Sona_Passive_Charged.png,https://ddragon.leagueoflegends.com/cdn/12.11.1/img/spell/SonaQ.png,https://ddragon.leagueoflegends.com/cdn/12.11.1/img/spell/SonaW.png,https://ddragon.leagueoflegends.com/cdn/12.11.1/img/spell/SonaE.png,https://ddragon.leagueoflegends.com/cdn/12.11.1/img/spell/SonaR.png
107,Soraka,https://cdn.mobalytics.gg/assets/lol/images/dd/champions/icons/soraka.png,https://ddragon.leagueoflegends.com/cdn/img/champion/splash/Soraka_0.jpg,https://ddragon.leagueoflegends.com/cdn/12.11.1/img/passive/Soraka_Passive.png,https://ddragon.leagueoflegends.com/cdn/12.11.1/img/spell/SorakaQ.png,https://ddragon.leagueoflegends.com/cdn/12.11.1/img/spell/SorakaW.png,https://ddragon.leagueoflegends.com/cdn/12.11.1/img/spell/SorakaE.png,https://ddragon.leagueoflegends.com/cdn/12.11.1/img/spell/SorakaR.png
108,Swain,https://cdn.mobalytics.gg/assets/lol/images/dd/champions/icons/swain.png,https://ddragon.leagueoflegends.com/cdn/img/champion/splash/Swain_0.jpg,https://ddragon.leagueoflegends.com/cdn/12.11.1/img/passive/Swain_P.png,https://ddragon.leagueoflegends.com/cdn/12.11.1/img/spell/SwainQ.png,https://ddragon.leagueoflegends.com/cdn/12.11.1/img/spell/SwainW.png,https://ddragon.leagueoflegends.com/cdn/12.11.1/img/spell/SwainE.png,https://ddragon.leagueoflegends.com/cdn/12.11.1/img/spell/SwainR.png
109,Sylas,https://cdn.mobalytics.gg/assets/lol/images/dd/champions/icons/sylas.png,https://ddragon.leagueoflegends.com/cdn/img/champion/splash/Sylas_0.jpg,https://ddragon.leagueoflegends.com/cdn/12.11.1/img/passive/SylasP.png,https://ddragon.leagueoflegends.com/cdn/12.11.1/img/spell/SylasQ.png,https://ddragon.leagueoflegends.com/cdn/12.11.1/img/spell/SylasW.png,https://ddragon.leagueoflegends.com/cdn/12.11.1/img/spell/SylasE.png,https://ddragon.leagueoflegends.com/cdn/12.11.1/img/spell/SylasR.png
110,Syndra,https://cdn.mobalytics.gg/assets/lol/images/dd/champions/icons/syndra.png,https://ddragon.leagueoflegends.com/cdn/img/champion/splash/Syndra_0.jpg,https://ddragon.leagueoflegends.com/cdn/12.11.1/img/passive/SyndraPassive.png,https://ddragon.leagueoflegends.com/cdn/12.11.1/img/spell/SyndraQ.png,https://ddragon.leagueoflegends.com/cdn/12.11.1/img/spell/SyndraW.png,https://ddragon.leagueoflegends.com/cdn/12.11.1/img/spell/SyndraE.png,https://ddragon.leagueoflegends.com/cdn/12.11.1/img/spell/SyndraR.png
111,Tahm Kench,https://cdn.mobalytics.gg/assets/lol/images/dd/champions/icons/tahmkench.png,https://ddragon.leagueoflegends.com/cdn/img/champion/splash/TahmKench_0.jpg,https://ddragon.leagueoflegends.com/cdn/12.11.1/img/passive/TahmKenchP.png,https://ddragon.leagueoflegends.com/cdn/12.11.1/img/spell/TahmKenchQ.png,https://ddragon.leagueoflegends.com/cdn/12.11.1/img/spell/TahmKenchW.png,https://ddragon.leagueoflegends.com/cdn/12.11.1/img/spell/TahmKenchE.png,https://ddragon.leagueoflegends.com/cdn/12.11.1/img/spell/TahmKenchRWrapper.png
112,Taliyah,https://cdn.mobalytics.gg/assets/lol/images/dd/champions/icons/taliyah.png,https://ddragon.leagueoflegends.com/cdn/img/champion/splash/Taliyah_0.jpg,https://ddragon.leagueoflegends.com/cdn/12.11.1/img/passive/Taliyah_Passive.png,https://ddragon.leagueoflegends.com/cdn/12.11.1/img/spell/TaliyahQ.png,https://ddragon.leagueoflegends.com/cdn/12.11.1/img/spell/TaliyahWVC.png,https://ddragon.leagueoflegends.com/cdn/12.11.1/img/spell/TaliyahE.png,https://ddragon.leagueoflegends.com/cdn/12.11.1/img/spell/TaliyahR.png
113,Talon,https://cdn.mobalytics.gg/assets/lol/images/dd/champions/icons/talon.png,https://ddragon.leagueoflegends.com/cdn/img/champion/splash/Talon_0.jpg,https://ddragon.leagueoflegends.com/cdn/12.11.1/img/passive/TalonP.png,https://ddragon.leagueoflegends.com/cdn/12.11.1/img/spell/TalonQ.png,https://ddragon.leagueoflegends.com/cdn/12.11.1/img/spell/TalonW.png,https://ddragon.leagueoflegends.com/cdn/12.11.1/img/spell/TalonE.png,https://ddragon.leagueoflegends.com/cdn/12.11.1/img/spell/TalonR.png
114,Taric,https://cdn.mobalytics.gg/assets/lol/images/dd/champions/icons/taric.png,https://ddragon.leagueoflegends.com/cdn/img/champion/splash/Taric_0.jpg,https://ddragon.leagueoflegends.com/cdn/12.11.1/img/passive/Taric_Passive.png,https://ddragon.leagueoflegends.com/cdn/12.11.1/img/spell/TaricQ.png,https://ddragon.leagueoflegends.com/cdn/12.11.1/img/spell/TaricW.png,https://ddragon.leagueoflegends.com/cdn/12.11.1/img/spell/TaricE.png,https://ddragon.leagueoflegends.com/cdn/12.11.1/img/spell/TaricR.png
115,Teemo,https://cdn.mobalytics.gg/assets/lol/images/dd/champions/icons/teemo.png,https://ddragon.leagueoflegends.com/cdn/img/champion/splash/Teemo_0.jpg,https://ddragon.leagueoflegends.com/cdn/12.11.1/img/passive/Teemo_P.png,https://ddragon.leagueoflegends.com/cdn/12.11.1/img/spell/BlindingDart.png,https://ddragon.leagueoflegends.com/cdn/12.11.1/img/spell/MoveQuick.png,https://ddragon.leagueoflegends.com/cdn/12.11.1/img/spell/ToxicShot.png,https://ddragon.leagueoflegends.com/cdn/12.11.1/img/spell/TeemoRCast.png
116,Thresh,https://cdn.mobalytics.gg/assets/lol/images/dd/champions/icons/thresh.png,https://ddragon.leagueoflegends.com/cdn/img/champion/splash/Thresh_0.jpg,https://ddragon.leagueoflegends.com/cdn/12.11.1/img/passive/Thresh_Passive.png,https://ddragon.leagueoflegends.com/cdn/12.11.1/img/spell/ThreshQ.png,https://ddragon.leagueoflegends.com/cdn/12.11.1/img/spell/ThreshW.png,https://ddragon.leagueoflegends.com/cdn/12.11.1/img/spell/ThreshE.png,https://ddragon.leagueoflegends.com/cdn/12.11.1/img/spell/ThreshRPenta.png
117,Tristana,https://cdn.mobalytics.gg/assets/lol/images/dd/champions/icons/tristana.png,https://ddragon.leagueoflegends.com/cdn/img/champion/splash/Tristana_0.jpg,https://ddragon.leagueoflegends.com/cdn/12.11.1/img/passive/Tristana_Passive.png,https://ddragon.leagueoflegends.com/cdn/12.11.1/img/spell/TristanaQ.png,https://ddragon.leagueoflegends.com/cdn/12.11.1/img/spell/TristanaW.png,https://ddragon.leagueoflegends.com/cdn/12.11.1/img/spell/TristanaE.png,https://ddragon.leagueoflegends.com/cdn/12.11.1/img/spell/TristanaR.png
118,Trundle,https://cdn.mobalytics.gg/assets/lol/images/dd/champions/icons/trundle.png,https://ddragon.leagueoflegends.com/cdn/img/champion/splash/Trundle_0.jpg,https://ddragon.leagueoflegends.com/cdn/12.11.1/img/passive/Trundle_Passive.png,https://ddragon.leagueoflegends.com/cdn/12.11.1/img/spell/TrundleTrollSmash.png,https://ddragon.leagueoflegends.com/cdn/12.11.1/img/spell/trundledesecrate.png,https://ddragon.leagueoflegends.com/cdn/12.11.1/img/spell/TrundleCircle.png,https://ddragon.leagueoflegends.com/cdn/12.11.1/img/spell/TrundlePain.png
119,Tryndamere,https://cdn.mobalytics.gg/assets/lol/images/dd/champions/icons/tryndamere.png,https://ddragon.leagueoflegends.com/cdn/img/champion/splash/Tryndamere_0.jpg,https://ddragon.leagueoflegends.com/cdn/12.11.1/img/passive/Tryndamere_Passive.png,https://ddragon.leagueoflegends.com/cdn/12.11.1/img/spell/TryndamereQ.png,https://ddragon.leagueoflegends.com/cdn/12.11.1/img/spell/TryndamereW.png,https://ddragon.leagueoflegends.com/cdn/12.11.1/img/spell/TryndamereE.png,https://ddragon.leagueoflegends.com/cdn/12.11.1/img/spell/UndyingRage.png
120,Twisted Fate,https://cdn.mobalytics.gg/assets/lol/images/dd/champions/icons/twistedfate.png,https://ddragon.leagueoflegends.com/cdn/img/champion/splash/TwistedFate_0.jpg,https://ddragon.leagueoflegends.com/cdn/12.11.1/img/passive/Cardmaster_SealFate.png,https://ddragon.leagueoflegends.com/cdn/12.11.1/img/spell/WildCards.png,https://ddragon.leagueoflegends.com/cdn/12.11.1/img/spell/PickACard.png,https://ddragon.leagueoflegends.com/cdn/12.11.1/img/spell/CardmasterStack.png,https://ddragon.leagueoflegends.com/cdn/12.11.1/img/spell/Destiny.png
121,Twitch,https://cdn.mobalytics.gg/assets/lol/images/dd/champions/icons/twitch.png,https://ddragon.leagueoflegends.com/cdn/img/champion/splash/Twitch_0.jpg,https://ddragon.leagueoflegends.com/cdn/12.11.1/img/passive/Twitch_Passive.png,https://ddragon.leagueoflegends.com/cdn/12.11.1/img/spell/TwitchHideInShadows.png,https://ddragon.leagueoflegends.com/cdn/12.11.1/img/spell/TwitchVenomCask.png,https://ddragon.leagueoflegends.com/cdn/12.11.1/img/spell/TwitchExpunge.png,https://ddragon.leagueoflegends.com/cdn/12.11.1/img/spell/TwitchFullAutomatic.png
122,Udyr,https://cdn.mobalytics.gg/assets/lol/images/dd/champions/icons/udyr.png,https://ddragon.leagueoflegends.com/cdn/img/champion/splash/Udyr_0.jpg,https://ddragon.leagueoflegends.com/cdn/12.11.1/img/passive/Udyr_MonkeysAgility.png,https://ddragon.leagueoflegends.com/cdn/12.11.1/img/spell/UdyrTigerStance.png,https://ddragon.leagueoflegends.com/cdn/12.11.1/img/spell/UdyrTurtleStance.png,https://ddragon.leagueoflegends.com/cdn/12.11.1/img/spell/UdyrBearStance.png,https://ddragon.leagueoflegends.com/cdn/12.11.1/img/spell/UdyrPhoenixStance.png
123,Urgot,https://cdn.mobalytics.gg/assets/lol/images/dd/champions/icons/urgot.png,https://ddragon.leagueoflegends.com/cdn/img/champion/splash/Urgot_0.jpg,https://ddragon.leagueoflegends.com/cdn/12.11.1/img/passive/Urgot_Passive.png,https://ddragon.leagueoflegends.com/cdn/12.11.1/img/spell/UrgotQ.png,https://ddragon.leagueoflegends.com/cdn/12.11.1/img/spell/UrgotW.png,https://ddragon.leagueoflegends.com/cdn/12.11.1/img/spell/UrgotE.png,https://ddragon.leagueoflegends.com/cdn/12.11.1/img/spell/UrgotR.png
124,Varus,https://cdn.mobalytics.gg/assets/lol/images/dd/champions/icons/varus.png,https://ddragon.leagueoflegends.com/cdn/img/champion/splash/Varus_0.jpg,https://ddragon.leagueoflegends.com/cdn/12.11.1/img/passive/VarusPassive.png,https://ddragon.leagueoflegends.com/cdn/12.11.1/img/spell/VarusQ.png,https://ddragon.leagueoflegends.com/cdn/12.11.1/img/spell/VarusW.png,https://ddragon.leagueoflegends.com/cdn/12.11.1/img/spell/VarusE.png,https://ddragon.leagueoflegends.com/cdn/12.11.1/img/spell/VarusR.png
125,Vayne,https://cdn.mobalytics.gg/assets/lol/images/dd/champions/icons/vayne.png,https://ddragon.leagueoflegends.com/cdn/img/champion/splash/Vayne_0.jpg,https://ddragon.leagueoflegends.com/cdn/12.11.1/img/passive/Vayne_NightHunter.png,https://ddragon.leagueoflegends.com/cdn/12.11.1/img/spell/VayneTumble.png,https://ddragon.leagueoflegends.com/cdn/12.11.1/img/spell/VayneSilveredBolts.png,https://ddragon.leagueoflegends.com/cdn/12.11.1/img/spell/VayneCondemn.png,https://ddragon.leagueoflegends.com/cdn/12.11.1/img/spell/VayneInquisition.png
126,Veigar,https://cdn.mobalytics.gg/assets/lol/images/dd/champions/icons/veigar.png,https://ddragon.leagueoflegends.com/cdn/img/champion/splash/Veigar_0.jpg,https://ddragon.leagueoflegends.com/cdn/12.11.1/img/passive/VeigarEntropy.png,https://ddragon.leagueoflegends.com/cdn/12.11.1/img/spell/VeigarBalefulStrike.png,https://ddragon.leagueoflegends.com/cdn/12.11.1/img/spell/VeigarDarkMatter.png,https://ddragon.leagueoflegends.com/cdn/12.11.1/img/spell/VeigarEventHorizon.png,https://ddragon.leagueoflegends.com/cdn/12.11.1/img/spell/VeigarR.png
127,Vel'Koz,https://cdn.mobalytics.gg/assets/lol/images/dd/champions/icons/velkoz.png,https://ddragon.leagueoflegends.com/cdn/img/champion/splash/Velkoz_0.jpg,https://ddragon.leagueoflegends.com/cdn/12.11.1/img/passive/VelKoz_Passive.png,https://ddragon.leagueoflegends.com/cdn/12.11.1/img/spell/VelkozQ.png,https://ddragon.leagueoflegends.com/cdn/12.11.1/img/spell/VelkozW.png,https://ddragon.leagueoflegends.com/cdn/12.11.1/img/spell/VelkozE.png,https://ddragon.leagueoflegends.com/cdn/12.11.1/img/spell/VelkozR.png
128,Vi,https://cdn.mobalytics.gg/assets/lol/images/dd/champions/icons/vi.png,https://ddragon.leagueoflegends.com/cdn/img/champion/splash/Vi_0.jpg,https://ddragon.leagueoflegends.com/cdn/12.11.1/img/passive/ViPassive.png,https://ddragon.leagueoflegends.com/cdn/12.11.1/img/spell/ViQ.png,https://ddragon.leagueoflegends.com/cdn/12.11.1/img/spell/ViW.png,https://ddragon.leagueoflegends.com/cdn/12.11.1/img/spell/ViE.png,https://ddragon.leagueoflegends.com/cdn/12.11.1/img/spell/ViR.png
129,Viktor,https://cdn.mobalytics.gg/assets/lol/images/dd/champions/icons/viktor.png,https://ddragon.leagueoflegends.com/cdn/img/champion/splash/Viktor_0.jpg,https://ddragon.leagueoflegends.com/cdn/12.11.1/img/passive/Viktor_Passive.png,https://ddragon.leagueoflegends.com/cdn/12.11.1/img/spell/ViktorPowerTransfer.png,https://ddragon.leagueoflegends.com/cdn/12.11.1/img/spell/ViktorGravitonField.png,https://ddragon.leagueoflegends.com/cdn/12.11.1/img/spell/ViktorDeathRay.png,https://ddragon.leagueoflegends.com/cdn/12.11.1/img/spell/ViktorChaosStorm.png
130,Vladimir,https://cdn.mobalytics.gg/assets/lol/images/dd/champions/icons/vladimir.png,https://ddragon.leagueoflegends.com/cdn/img/champion/splash/Vladimir_0.jpg,https://ddragon.leagueoflegends.com/cdn/12.11.1/img/passive/VladimirP.png,https://ddragon.leagueoflegends.com/cdn/12.11.1/img/spell/VladimirQ.png,https://ddragon.leagueoflegends.com/cdn/12.11.1/img/spell/VladimirSanguinePool.png,https://ddragon.leagueoflegends.com/cdn/12.11.1/img/spell/VladimirE.png,https://ddragon.leagueoflegends.com/cdn/12.11.1/img/spell/VladimirHemoplague.png
131,Volibear,https://cdn.mobalytics.gg/assets/lol/images/dd/champions/icons/volibear.png,https://ddragon.leagueoflegends.com/cdn/img/champion/splash/Volibear_0.jpg,https://ddragon.leagueoflegends.com/cdn/12.11.1/img/passive/Volibear_Icon_P.png,https://ddragon.leagueoflegends.com/cdn/12.11.1/img/spell/VolibearQ.png,https://ddragon.leagueoflegends.com/cdn/12.11.1/img/spell/VolibearW.png,https://ddragon.leagueoflegends.com/cdn/12.11.1/img/spell/VolibearE.png,https://ddragon.leagueoflegends.com/cdn/12.11.1/img/spell/VolibearR.png
132,Warwick,https://cdn.mobalytics.gg/assets/lol/images/dd/champions/icons/warwick.png,https://ddragon.leagueoflegends.com/cdn/img/champion/splash/Warwick_0.jpg,https://ddragon.leagueoflegends.com/cdn/12.11.1/img/passive/WarwickP.png,https://ddragon.leagueoflegends.com/cdn/12.11.1/img/spell/WarwickQ.png,https://ddragon.leagueoflegends.com/cdn/12.11.1/img/spell/WarwickW.png,https://ddragon.leagueoflegends.com/cdn/12.11.1/img/spell/WarwickE.png,https://ddragon.leagueoflegends.com/cdn/12.11.1/img/spell/WarwickR.png
133,Wukong,https://cdn.mobalytics.gg/assets/lol/images/dd/champions/icons/monkeyking.png,https://ddragon.leagueoflegends.com/cdn/img/champion/splash/MonkeyKing_0.jpg,https://ddragon.leagueoflegends.com/cdn/12.11.1/img/passive/MonkeyKingStoneSkin.png,https://ddragon.leagueoflegends.com/cdn/12.11.1/img/spell/MonkeyKingDoubleAttack.png,https://ddragon.leagueoflegends.com/cdn/12.11.1/img/spell/MonkeyKingDecoy.png,https://ddragon.leagueoflegends.com/cdn/12.11.1/img/spell/MonkeyKingNimbus.png,https://ddragon.leagueoflegends.com/cdn/12.11.1/img/spell/MonkeyKingSpinToWin.png
134,Xayah,https://cdn.mobalytics.gg/assets/lol/images/dd/champions/icons/xayah.png,https://ddragon.leagueoflegends.com/cdn/img/champion/splash/Xayah_0.jpg,https://ddragon.leagueoflegends.com/cdn/12.11.1/img/passive/XayahPassive.png,https://ddragon.leagueoflegends.com/cdn/12.11.1/img/spell/XayahQ.png,https://ddragon.leagueoflegends.com/cdn/12.11.1/img/spell/XayahW.png,https://ddragon.leagueoflegends.com/cdn/12.11.1/img/spell/XayahE.png,https://ddragon.leagueoflegends.com/cdn/12.11.1/img/spell/XayahR.png
135,Xerath,https://cdn.mobalytics.gg/assets/lol/images/dd/champions/icons/xerath.png,https://ddragon.leagueoflegends.com/cdn/img/champion/splash/Xerath_0.jpg,https://ddragon.leagueoflegends.com/cdn/12.11.1/img/passive/Xerath_Passive1.png,https://ddragon.leagueoflegends.com/cdn/12.11.1/img/spell/XerathArcanopulseChargeUp.png,https://ddragon.leagueoflegends.com/cdn/12.11.1/img/spell/XerathArcaneBarrage2.png,https://ddragon.leagueoflegends.com/cdn/12.11.1/img/spell/XerathMageSpear.png,https://ddragon.leagueoflegends.com/cdn/12.11.1/img/spell/XerathLocusOfPower2.png
136,Xin Zhao,https://cdn.mobalytics.gg/assets/lol/images/dd/champions/icons/xinzhao.png,https://ddragon.leagueoflegends.com/cdn/img/champion/splash/XinZhao_0.jpg,https://ddragon.leagueoflegends.com/cdn/12.11.1/img/passive/XinZhaoP.png,https://ddragon.leagueoflegends.com/cdn/12.11.1/img/spell/XinZhaoQ.png,https://ddragon.leagueoflegends.com/cdn/12.11.1/img/spell/XinZhaoW.png,https://ddragon.leagueoflegends.com/cdn/12.11.1/img/spell/XinZhaoE.png,https://ddragon.leagueoflegends.com/cdn/12.11.1/img/spell/XinZhaoR.png
137,Yasuo,https://cdn.mobalytics.gg/assets/lol/images/dd/champions/icons/yasuo.png,https://ddragon.leagueoflegends.com/cdn/img/champion/splash/Yasuo_0.jpg,https://ddragon.leagueoflegends.com/cdn/12.11.1/img/passive/Yasuo_Passive.png,https://ddragon.leagueoflegends.com/cdn/12.11.1/img/spell/YasuoQ1Wrapper.png,https://ddragon.leagueoflegends.com/cdn/12.11.1/img/spell/YasuoW.png,https://ddragon.leagueoflegends.com/cdn/12.11.1/img/spell/YasuoE.png,https://ddragon.leagueoflegends.com/cdn/12.11.1/img/spell/YasuoR.png
138,Yorick,https://cdn.mobalytics.gg/assets/lol/images/dd/champions/icons/yorick.png,https://ddragon.leagueoflegends.com/cdn/img/champion/splash/Yorick_0.jpg,https://ddragon.leagueoflegends.com/cdn/12.11.1/img/passive/Yorick_P.png,https://ddragon.leagueoflegends.com/cdn/12.11.1/img/spell/YorickQ.png,https://ddragon.leagueoflegends.com/cdn/12.11.1/img/spell/YorickW.png,https://ddragon.leagueoflegends.com/cdn/12.11.1/img/spell/YorickE.png,https://ddragon.leagueoflegends.com/cdn/12.11.1/img/spell/YorickR.png
139,Yuumi,https://cdn.mobalytics.gg/assets/lol/images/dd/champions/icons/yuumi.png,https://ddragon.leagueoflegends.com/cdn/img/champion/splash/Yuumi_0.jpg,https://ddragon.leagueoflegends.com/cdn/12.11.1/img/passive/YuumiP.png,https://ddragon.leagueoflegends.com/cdn/12.11.1/img/spell/YuumiQ.png,https://ddragon.leagueoflegends.com/cdn/12.11.1/img/spell/YuumiW.png,https://ddragon.leagueoflegends.com/cdn/12.11.1/img/spell/YuumiE.png,https://ddragon.leagueoflegends.com/cdn/12.11.1/img/spell/YuumiR.png
140,Zac,https://cdn.mobalytics.gg/assets/lol/images/dd/champions/icons/zac.png,https://ddragon.leagueoflegends.com/cdn/img/champion/splash/Zac_0.jpg,https://ddragon.leagueoflegends.com/cdn/12.11.1/img/passive/ZacPassive.png,https://ddragon.leagueoflegends.com/cdn/12.11.1/img/spell/ZacQ.png,https://ddragon.leagueoflegends.com/cdn/12.11.1/img/spell/ZacW.png,https://ddragon.leagueoflegends.com/cdn/12.11.1/img/spell/ZacE.png,https://ddragon.leagueoflegends.com/cdn/12.11.1/img/spell/ZacR.png
141,Zed,https://cdn.mobalytics.gg/assets/lol/images/dd/champions/icons/zed.png,https://ddragon.leagueoflegends.com/cdn/img/champion/splash/Zed_0.jpg,https://ddragon.leagueoflegends.com/cdn/12.11.1/img/passive/shadowninja_P.png,https://ddragon.leagueoflegends.com/cdn/12.11.1/img/spell/ZedQ.png,https://ddragon.leagueoflegends.com/cdn/12.11.1/img/spell/ZedW.png,https://ddragon.leagueoflegends.com/cdn/12.11.1/img/spell/ZedE.png,https://ddragon.leagueoflegends.com/cdn/12.11.1/img/spell/ZedR.png
142,Ziggs,https://cdn.mobalytics.gg/assets/lol/images/dd/champions/icons/ziggs.png,https://ddragon.leagueoflegends.com/cdn/img/champion/splash/Ziggs_0.jpg,https://ddragon.leagueoflegends.com/cdn/12.11.1/img/passive/ZiggsPassiveReady.png,https://ddragon.leagueoflegends.com/cdn/12.11.1/img/spell/ZiggsQ.png,https://ddragon.leagueoflegends.com/cdn/12.11.1/img/spell/ZiggsW.png,https://ddragon.leagueoflegends.com/cdn/12.11.1/img/spell/ZiggsE.png,https://ddragon.leagueoflegends.com/cdn/12.11.1/img/spell/ZiggsR.png
143,Zilean,https://cdn.mobalytics.gg/assets/lol/images/dd/champions/icons/zilean.png,https://ddragon.leagueoflegends.com/cdn/img/champion/splash/Zilean_0.jpg,https://ddragon.leagueoflegends.com/cdn/12.11.1/img/passive/Zilean_Passive.png,https://ddragon.leagueoflegends.com/cdn/12.11.1/img/spell/ZileanQ.png,https://ddragon.leagueoflegends.com/cdn/12.11.1/img/spell/ZileanW.png,https://ddragon.leagueoflegends.com/cdn/12.11.1/img/spell/TimeWarp.png,https://ddragon.leagueoflegends.com/cdn/12.11.1/img/spell/ChronoShift.png
144,Zoe,https://cdn.mobalytics.gg/assets/lol/images/dd/champions/icons/zoe.png,https://ddragon.leagueoflegends.com/cdn/img/champion/splash/Zoe_0.jpg,https://ddragon.leagueoflegends.com/cdn/12.11.1/img/passive/Zoe_P.png,https://ddragon.leagueoflegends.com/cdn/12.11.1/img/spell/ZoeQ.png,https://ddragon.leagueoflegends.com/cdn/12.11.1/img/spell/ZoeW.png,https://ddragon.leagueoflegends.com/cdn/12.11.1/img/spell/ZoeE.png,https://ddragon.leagueoflegends.com/cdn/12.11.1/img/spell/ZoeR.png
145,Zyra,https://cdn.mobalytics.gg/assets/lol/images/dd/champions/icons/zyra.png,https://ddragon.leagueoflegends.com/cdn/img/champion/splash/Zyra_0.jpg,https://ddragon.leagueoflegends.com/cdn/12.11.1/img/passive/ZyraP.png,https://ddragon.leagueoflegends.com/cdn/12.11.1/img/spell/ZyraQ.png,https://ddragon.leagueoflegends.com/cdn/12.11.1/img/spell/ZyraW.png,https://ddragon.leagueoflegends.com/cdn/12.11.1/img/spell/ZyraE.png,https://ddragon.leagueoflegends.com/cdn/12.11.1/img/spell/ZyraR.png
